Auto_Name;Year;Auto_URL;Price;Fuel;HorsePower;Mileage
Лада 2107;2008;https://pushkino.drom.ru/lada/2107/50899875.html;45000;бензин;76;55858
Москвич 403;1963;https://moscow.drom.ru/moskvitch/403/50130207.html;47000;бензин;45;25380
Лада 2105;2003;https://moscow.drom.ru/lada/2105/50918627.html;47000;бензин;71;50000
Лада 2115 Самара;2003;https://chehov.drom.ru/lada/2115/50146925.html;49000;бензин;76;200000
Лада 21099;2002;https://korolev.drom.ru/lada/21099/50913242.html;50000;бензин;78;145000
Лада 2107;1999;https://moscow.drom.ru/lada/2107/50902003.html;55000;бензин;76;186000
Лада 2110;1999;https://moscow.drom.ru/lada/2110/50526069.html;55000;бензин;78;178000
Лада 21099;2003;https://moscow.drom.ru/lada/21099/50923841.html;55000;бензин;78;264131
Лада 2107;2007;https://lyubertsy.drom.ru/lada/2107/50919567.html;55000;бензин;74;130000
Лада 2107;2004;https://istra.drom.ru/lada/2107/49762116.html;60000;бензин;71;50000
Лада 2105;2005;https://moscow.drom.ru/lada/2105/50917161.html;60000;бензин;71;200000
Лада 2115 Самара;2001;https://vidnoe.drom.ru/lada/2115/50907909.html;65000;бензин;76;224000
Лада 2105;2006;https://moscow.drom.ru/lada/2105/50912576.html;67000;бензин;71;90314
Лада 2101;1975;https://mytishchi.drom.ru/lada/2101/48201875.html;70000;бензин;64;75000
Лада 2105;1996;https://moscow.drom.ru/lada/2105/50923180.html;70000;бензин;71;15888
Лада 2106;1997;https://moscow.drom.ru/lada/2106/50910578.html;70000;бензин;75;70000
Лада 21099;2002;https://orehovo-zuevo.drom.ru/lada/21099/50899839.html;70000;бензин;78;233956
Лада 2107;2004;https://moscow.drom.ru/lada/2107/50530815.html;70000;бензин;74;250000
Chevrolet Lanos;2006;https://moscow.drom.ru/chevrolet/lanos/50540315.html;70000;бензин;86;75600
Лада 2107;2001;https://moscow.drom.ru/lada/2107/50912653.html;72000;бензин;74;150000
Лада 21099;2001;https://moscow.drom.ru/lada/21099/50912841.html;77000;бензин;78;117243
Volkswagen Passat;1988;https://vidnoe.drom.ru/volkswagen/passat/50916899.html;80000;бензин;90;999999
ГАЗ 24 Волга;1988;https://shchelkovo.drom.ru/gaz/24_volga/50910155.html;80000;бензин;100;83748
Ford Mondeo;1995;https://zagoryanskiy.drom.ru/ford/mondeo/49449733.html;80000;бензин;136;200000
Лада 2106;1995;https://moscow.drom.ru/lada/2106/49207240.html;80000;бензин;75;80000
Лада 2110;1999;https://moscow.drom.ru/lada/2110/50539410.html;80000;бензин;78;170000
Лада 2110;2005;https://lytkarino.drom.ru/lada/2110/50905832.html;80000;бензин;80;300000
Лада 2115 Самара;2006;https://dolgoprudniy.drom.ru/lada/2115/50916192.html;81000;бензин;76;230000
Audi 100;1984;https://moscow.drom.ru/audi/100/50901522.html;84999;бензин;75;400000
Лада 2107;2004;https://moscow.drom.ru/lada/2107/50919039.html;85000;бензин;74;77000
Лада 2115 Самара;2005;https://pokrov.drom.ru/lada/2115/50897193.html;87000;бензин;70;150000
Ford Orion;1986;https://shchelkovo.drom.ru/ford/orion/50910031.html;90000;дизель;54;98000
Daewoo Nexia;1998;https://moscow.drom.ru/daewoo/nexia/50911826.html;90000;бензин;75;256000
Лада 21099;2002;https://moscow.drom.ru/lada/21099/50916597.html;90000;бензин;70;466394
Лада 2105;2005;https://serpuhov.drom.ru/lada/2105/50922190.html;90000;бензин;71;80000
Лада 2105;1999;https://sergiev-posad.drom.ru/lada/2105/50912901.html;92000;бензин;71;99000
Лада 2106;1992;https://moscow.drom.ru/lada/2106/50525039.html;95000;бензин;75;228000
Лада 2106;2001;https://moscow.drom.ru/lada/2106/50908867.html;95000;бензин;75;106000
Daewoo Nexia;2004;https://elektrostal.drom.ru/daewoo/nexia/49186791.html;95000;бензин;85;264000
Лада 2101;1987;https://moscow.drom.ru/lada/2101/50921939.html;100000;бензин;59;138000
Лада 2106;1997;https://moscow.drom.ru/lada/2106/50921100.html;100000;бензин;75;82000
Лада 2107;1998;https://domodedovo.drom.ru/lada/2107/50910051.html;100000;бензин;76;124053
Лада 2107;2007;https://moscow.drom.ru/lada/2107/50917528.html;100000;бензин;74;333333
Лада 2115 Самара;2007;https://podolsk.drom.ru/lada/2115/50900497.html;100000;бензин;81;200000
ЗАЗ Шанс;2010;https://moscow.drom.ru/zaz/chance/50045002.html;100000;бензин;86;168000
ЗАЗ Шанс;2010;https://podolsk.drom.ru/zaz/chance/50521229.html;110000;бензин;86;217000
Лада 2110;2001;https://moscow.drom.ru/lada/2110/50913044.html;115000;бензин;78;353833
Лада 2115 Самара;2011;https://moscow.drom.ru/lada/2115/50859166.html;120000;бензин;81;250000
Лада 2101;1978;https://korolev.drom.ru/lada/2101/50918624.html;125000;бензин;59;40000
Лада 2110;2005;https://lyubertsy.drom.ru/lada/2110/50913133.html;125000;бензин;71;166000
Лада Калина;2008;https://moscow.drom.ru/lada/kalina/50894637.html;130000;бензин;81;300000
Chevrolet Lanos;2006;https://moscow.drom.ru/chevrolet/lanos/50902168.html;139000;бензин;86;145000
Лада 2115 Самара;2005;https://moscow.drom.ru/lada/2115/50542727.html;140000;бензин;76;180000
Лада 2107;2010;https://klin.drom.ru/lada/2107/50134176.html;140000;бензин;74;95000
Volkswagen Passat;1991;https://odintsovo.drom.ru/volkswagen/passat/50900911.html;145000;бензин;90;360300
Лада 2115 Самара;2006;https://moscow.drom.ru/lada/2115/50920751.html;145000;бензин;76;125000
Лада 2107;2007;https://moscow.drom.ru/lada/2107/50902371.html;145000;бензин;74;17358
Volvo S40;2000;https://moscow.drom.ru/volvo/s40/50912967.html;150000;бензин;122;290000
Ford Focus;2001;https://lytkarino.drom.ru/ford/focus/50912246.html;150000;бензин;130;191563
Hyundai Accent;2008;https://elektrougli.drom.ru/hyundai/accent/50901814.html;155000;бензин;102;340000
Лада Приора;2009;https://malahovka.drom.ru/lada/priora/50911132.html;155000;бензин;81;200000
Лада 21099;1997;https://chehov.drom.ru/lada/21099/50898733.html;159900;бензин;70;146185
Nissan Cefiro;1996;https://chernogolovka.drom.ru/nissan/cefiro/50915486.html;160000;бензин;190;200000
Лада 2107;2012;https://vidnoe.drom.ru/lada/2107/50912305.html;160000;бензин;74;117000
ГАЗ 31105 Волга;2006;https://moscow.drom.ru/gaz/31105_volga/50902211.html;165000;бензин;137;203340
Лада 2107;2010;https://moscow.drom.ru/lada/2107/50135023.html;165000;бензин;74;150000
Лада 2115 Самара;2010;https://moscow.drom.ru/lada/2115/49791793.html;168000;бензин;81;191734
BMW 5-Series;1993;https://moscow.drom.ru/bmw/5-series/50923344.html;170000;бензин;150;250000
Nissan Maxima;1996;https://moscow.drom.ru/nissan/maxima/50541919.html;170000;бензин;193;190000
Peugeot 406;2000;https://moscow.drom.ru/peugeot/406/50910499.html;170000;бензин;135;342133
Mazda 323;2001;https://moscow.drom.ru/mazda/323/50902075.html;170000;бензин;95;160208
Лада Приора;2007;https://moscow.drom.ru/lada/priora/50134537.html;170000;бензин;98;140000
Opel Astra;2000;https://moscow.drom.ru/opel/astra/50901298.html;175000;бензин;116;277587
Dodge Neon;2001;https://kurovskoe.drom.ru/dodge/neon/50923437.html;175000;бензин;133;256522
Mitsubishi Lancer;2003;https://noginsk.drom.ru/mitsubishi/lancer/50910613.html;175000;бензин;82;314000
Mercedes-Benz C-Class;1995;https://korolev.drom.ru/mercedes-benz/c-class/50536388.html;180000;бензин;136;200000
Honda Civic;1998;https://moscow.drom.ru/honda/civic/49343664.html;185000;бензин;114;373000
Лада 2107;2010;https://moscow.drom.ru/lada/2107/48872653.html;185000;бензин;74;92400
Nissan Almera;2002;https://moscow.drom.ru/nissan/almera/50130350.html;189000;бензин;114;450000
Mercedes-Benz 190;1991;https://moscow.drom.ru/mercedes-benz/190/50542876.html;190000;бензин;109;313789
Ford Escort;1998;https://orehovo-zuevo.drom.ru/ford/escort/50884495.html;190000;бензин;90;200000
Volkswagen Passat;1998;https://dolgoprudniy.drom.ru/volkswagen/passat/50908525.html;190000;бензин;150;244000
Лада Приора;2008;https://moscow.drom.ru/lada/priora/50899030.html;190000;бензин;98;218000
Лада Калина;2006;https://moscow.drom.ru/lada/kalina/50542265.html;195000;бензин;81;166009
Audi A6;1995;https://nahabino.drom.ru/audi/a6/50845220.html;200000;бензин;125;300000
ГАЗ 3110 Волга;1999;https://moscow.drom.ru/gaz/3110_volga/50899089.html;200000;бензин;100;45101
Mitsubishi Galant;2006;https://chehov.drom.ru/mitsubishi/galant/50922704.html;200000;бензин;160;190000
Лада Приора;2007;https://moscow.drom.ru/lada/priora/50530355.html;200000;бензин;98;236775
Лада Приора;2007;https://odintsovo.drom.ru/lada/priora/48690762.html;200000;бензин;98;249000
Ford Focus;2001;https://moscow.drom.ru/ford/focus/50902132.html;205000;бензин;110;312000
Hyundai Accent;2006;https://pushkino.drom.ru/hyundai/accent/50905512.html;210000;бензин;102;495456
Лада Калина;2006;https://moscow.drom.ru/lada/kalina/50914078.html;210000;бензин;81;190785
Peugeot 206;2008;https://moscow.drom.ru/peugeot/206/50884887.html;210000;бензин;75;170000
Chery Oriental Son B11;2005;https://krasnogorsk.drom.ru/chery/b11/50922777.html;220000;бензин;125;250000
Renault Logan;2006;https://moscow.drom.ru/renault/logan/50126130.html;220000;бензин;90;184412
Mitsubishi Galant;2002;https://moscow.drom.ru/mitsubishi/galant/50146631.html;229000;бензин;144;152051
Toyota Corolla;1998;https://moscow.drom.ru/toyota/corolla/50901831.html;230000;дизель;73;400000
Volvo S80;1999;https://moscow.drom.ru/volvo/s80/50530038.html;230000;бензин;272;297000
Nissan Cefiro;2001;https://moscow.drom.ru/nissan/cefiro/50536573.html;230000;бензин;160;200000
Dodge Stratus;2004;https://moscow.drom.ru/dodge/stratus/50901097.html;230000;бензин;150;255400
Hyundai Accent;2005;https://moscow.drom.ru/hyundai/accent/50901566.html;230000;бензин;102;227000
Лада 2107;2010;https://podolsk.drom.ru/lada/2107/50370191.html;230000;бензин;72;65000
Лада Калина;2010;https://moscow.drom.ru/lada/kalina/50913516.html;230000;бензин;81;151568
Volkswagen Passat;1999;https://moscow.drom.ru/volkswagen/passat/50919189.html;240000;бензин;100;221000
Mitsubishi Galant;2002;https://istra.drom.ru/mitsubishi/galant/50897541.html;240000;бензин;144;270000
Hyundai Accent;2005;https://odintsovo.drom.ru/hyundai/accent/50909565.html;240000;бензин;102;226000
Chevrolet Lanos;2006;https://moscow.drom.ru/chevrolet/lanos/50906710.html;240000;бензин;86;175000
Hyundai Accent;2004;https://moscow.drom.ru/hyundai/accent/50922046.html;245000;бензин;102;202000
Toyota Vista;1995;https://moscow.drom.ru/toyota/vista/50536222.html;249000;бензин;125;240000
Nissan Cefiro;1998;https://moscow.drom.ru/nissan/cefiro/50902525.html;249000;бензин;160;290000
BMW 3-Series;1997;https://moscow.drom.ru/bmw/3-series/48531211.html;250000;дизель;90;275600
Hyundai Sonata;2001;https://pushkino.drom.ru/hyundai/sonata/47546392.html;250000;бензин;172;300000
Lincoln Town Car;2001;https://moscow.drom.ru/lincoln/town_car/45126027.html;255000;бензин;223;156000
Chevrolet Lanos;2008;https://moscow.drom.ru/chevrolet/lanos/50496945.html;255000;бензин;86;149000
Ford Taurus;2001;https://moscow.drom.ru/ford/taurus/50907691.html;260000;бензин;155;187501
Лада 2107;2010;https://moscow.drom.ru/lada/2107/50145446.html;260000;бензин;74;29000
Kia Rio;2005;https://vidnoe.drom.ru/kia/rio/50917749.html;265000;бензин;97;194500
Peugeot 407;2006;https://moscow.drom.ru/peugeot/407/50529921.html;265000;бензин;125;430829
Kia Spectra;2008;https://dmitrov.drom.ru/kia/spectra/50901918.html;265000;бензин;101;241000
Kia Spectra;2008;https://moscow.drom.ru/kia/spectra/49795072.html;269999;бензин;101;165000
Volvo 850;1996;https://mytishchi.drom.ru/volvo/850/50527879.html;270000;бензин;211;250000
Mitsubishi Lancer;2004;https://mytishchi.drom.ru/mitsubishi/lancer/50902280.html;270000;бензин;98;164000
Лада Приора;2007;https://ashukino.drom.ru/lada/priora/50146170.html;270000;бензин;98;1800
Hyundai Accent;2005;https://chehov.drom.ru/hyundai/accent/50898769.html;275000;бензин;102;222055
Лада Приора;2009;https://moscow.drom.ru/lada/priora/50524366.html;279000;бензин;98;206897
BMW 3-Series;1997;https://moscow.drom.ru/bmw/3-series/50913061.html;280000;бензин;140;394000
Toyota WiLL Vi;2000;https://moscow.drom.ru/toyota/will_vi/49653337.html;285000;бензин;88;200000
Renault Logan;2011;https://moscow.drom.ru/renault/logan/50921194.html;285000;бензин;102;270348
Лада Гранта;2013;https://moscow.drom.ru/lada/granta/50146502.html;286000;бензин;82;147471
Ford Focus;2004;https://moscow.drom.ru/ford/focus/50901912.html;289000;бензин;115;170000
Volkswagen Passat;2002;https://moscow.drom.ru/volkswagen/passat/50918354.html;290000;бензин;150;333600
Mercedes-Benz C-Class;1998;https://moscow.drom.ru/mercedes-benz/c-class/50901567.html;295000;бензин;122;490000
Mitsubishi Lancer;2007;https://moscow.drom.ru/mitsubishi/lancer/50118311.html;299000;бензин;98;330000
Лада 2101;1970;https://moscow.drom.ru/lada/2101/47471405.html;300000;бензин;64;158000
BMW 3-Series;1996;https://vidnoe.drom.ru/bmw/3-series/49804497.html;300000;бензин;150;354000
BMW 5-Series;1997;https://moscow.drom.ru/bmw/5-series/50919063.html;300000;бензин;150;666666
Ford Focus;2005;https://serpuhov.drom.ru/ford/focus/50909906.html;300000;бензин;145;260000
Kia Spectra;2008;https://moscow.drom.ru/kia/spectra/50129693.html;300000;бензин;101;98000
Лада Приора;2011;https://domodedovo.drom.ru/lada/priora/50902251.html;300000;бензин;98;174000
Лада Гранта;2015;https://moscow.drom.ru/lada/granta/50923905.html;303000;бензин;82;94500
Kia Spectra;2008;https://bronnitsy.drom.ru/kia/spectra/50913068.html;310000;бензин;101;143000
Nissan Laurel;1999;https://moscow.drom.ru/nissan/laurel/50538003.html;315000;бензин;155;326306
Peugeot 206;2009;https://orehovo-zuevo.drom.ru/peugeot/206/50884442.html;315000;бензин;75;163600
Mitsubishi Lancer;2003;https://moscow.drom.ru/mitsubishi/lancer/50524691.html;319000;бензин;98;168789
Mercedes-Benz S-Class;2000;https://moscow.drom.ru/mercedes-benz/s-class/50543130.html;320000;бензин;306;300000
Dodge Stratus;2003;https://korolev.drom.ru/dodge/stratus/50920917.html;320000;бензин;150;124000
Peugeot 407;2004;https://moscow.drom.ru/peugeot/407/50901603.html;320000;бензин;125;327000
Renault Logan;2013;https://solnechnogorsk.drom.ru/renault/logan/50535568.html;320000;бензин;103;315000
Chevrolet Aveo;2007;https://mytishchi.drom.ru/chevrolet/aveo/50904233.html;325000;бензин;83;158000
Лада Приора;2012;https://moscow.drom.ru/lada/priora/50916359.html;325000;бензин;98;230000
BMW 3-Series;2000;https://moscow.drom.ru/bmw/3-series/44484768.html;330000;бензин;118;282350
Nissan Almera;2004;https://shchelkovo.drom.ru/nissan/almera/50530149.html;330000;бензин;116;250000
Chevrolet Lanos;2008;https://pushkino.drom.ru/chevrolet/lanos/50911869.html;330000;бензин;86;102365
Лада Гранта;2012;https://moscow.drom.ru/lada/granta/50916536.html;330000;бензин;98;112438
Toyota Carina;1996;https://podolsk.drom.ru/toyota/carina/50144610.html;335000;бензин;100;428959
Ford Focus;2007;https://moscow.drom.ru/ford/focus/50541736.html;335000;бензин;100;259000
Mitsubishi Lancer;2007;https://moscow.drom.ru/mitsubishi/lancer/50911763.html;339000;бензин;98;248232
Toyota Avensis;2000;https://orehovo-zuevo.drom.ru/toyota/avensis/50884532.html;340000;бензин;110;300000
Audi A4;2001;https://domodedovo.drom.ru/audi/a4/50902036.html;340000;бензин;130;347014
Volvo S40;2002;https://moscow.drom.ru/volvo/s40/50898913.html;340000;бензин;136;202000
Peugeot 206;2009;https://moscow.drom.ru/peugeot/206/50908377.html;342000;бензин;75;149047
Kia Opirus;2006;https://reutov.drom.ru/kia/opirus/50912845.html;350000;бензин;203;156000
Mitsubishi Lancer;2007;https://vidnoe.drom.ru/mitsubishi/lancer/49804102.html;350000;бензин;109;200000
Peugeot 206;2008;https://moscow.drom.ru/peugeot/206/50542076.html;351000;бензин;75;148000
Volkswagen Passat;2003;https://elektrostal.drom.ru/volkswagen/passat/50902449.html;360000;бензин;150;339749
BMW 3-Series;1987;https://moscow.drom.ru/bmw/3-series/48992978.html;370000;бензин;170;10000
Nissan Tiida;2011;https://moscow.drom.ru/nissan/tiida/50135645.html;373000;бензин;110;201005
Hyundai Accent;2007;https://moscow.drom.ru/hyundai/accent/50909903.html;377000;бензин;102;113464
Subaru Legacy B4;1999;https://naro-fominsk.drom.ru/subaru/legacy_b4/50899811.html;380000;бензин;260;225000
Renault Megane;2008;https://moscow.drom.ru/renault/megane/50899091.html;380000;бензин;113;270000
Mitsubishi Lancer;2004;https://naro-fominsk.drom.ru/mitsubishi/lancer/50530677.html;385000;бензин;98;270000
Chevrolet Lacetti;2007;https://moscow.drom.ru/chevrolet/lacetti/50520736.html;385000;бензин;109;190000
Ford Focus;2007;https://moscow.drom.ru/ford/focus/50915800.html;385000;бензин;100;168000
Ford Focus;2006;https://moscow.drom.ru/ford/focus/50923773.html;398000;бензин;125;188100
Mazda Mazda6;2006;https://zvenigorod.drom.ru/mazda/mazda6/50894070.html;400000;бензин;147;140000
Audi A6;1996;https://moscow.drom.ru/audi/a6/50921498.html;410000;дизель;140;275000
Nissan Tiida Latio;2006;https://moscow.drom.ru/nissan/tiida_latio/50682404.html;410000;бензин;109;280000
Лада Гранта;2016;https://moscow.drom.ru/lada/granta/50140585.html;410000;бензин;87;89000
Лада Приора;2016;https://moscow.drom.ru/lada/priora/50525859.html;412000;бензин;87;110500
Renault Logan;2016;https://moscow.drom.ru/renault/logan/47197781.html;415000;бензин;82;200000
BMW 5-Series;1999;https://moscow.drom.ru/bmw/5-series/50902109.html;425000;бензин;150;364000
Hyundai Sonata;2007;https://moscow.drom.ru/hyundai/sonata/50123765.html;429000;бензин;137;175200
Ford Escort;1993;https://moscow.drom.ru/ford/escort/50911805.html;430000;бензин;89;240000
Volkswagen Passat;2004;https://serpuhov.drom.ru/volkswagen/passat/50920936.html;430000;бензин;150;468288
Ford Focus;2006;https://moscow.drom.ru/ford/focus/50899702.html;430000;бензин;125;195000
Mitsubishi Lancer;2006;https://reutov.drom.ru/mitsubishi/lancer/50904306.html;430000;бензин;98;209810
Ford Focus;2008;https://orehovo-zuevo.drom.ru/ford/focus/50502285.html;430000;бензин;145;174000
Chevrolet Cruze;2012;https://moscow.drom.ru/chevrolet/cruze/50902014.html;430000;бензин;109;287000
Chevrolet Aveo;2010;https://moscow.drom.ru/chevrolet/aveo/50913181.html;434900;бензин;101;143000
Лада Гранта;2014;https://moscow.drom.ru/lada/granta/50515946.html;438000;бензин;82;134497
BMW 5-Series;1993;https://moscow.drom.ru/bmw/5-series/50922355.html;450000;бензин;192;350000
Toyota Corolla;2003;https://moscow.drom.ru/toyota/corolla/50907631.html;460000;бензин;109;205000
Opel Astra;2011;https://moscow.drom.ru/opel/astra/50142806.html;460000;бензин;140;184796
Toyota Mark II;1993;https://moscow.drom.ru/toyota/mark_ii/50542921.html;465000;бензин;180;120000
Mazda Mazda3;2006;https://moscow.drom.ru/mazda/mazda3/50500797.html;469000;бензин;105;171000
Volvo S40;2007;https://solnechnogorsk.drom.ru/volvo/s40/50909155.html;470000;бензин;100;355000
Peugeot 408;2012;https://domodedovo.drom.ru/peugeot/408/50528857.html;470000;бензин;120;248000
Nissan Tiida Latio;2010;https://moscow.drom.ru/nissan/tiida_latio/50542297.html;480000;бензин;109;254000
Audi A6;2003;https://moscow.drom.ru/audi/a6/50919264.html;485000;бензин;220;201387
Volkswagen Polo;2016;https://moscow.drom.ru/volkswagen/polo/50468318.html;490000;бензин;90;155000
Toyota Corolla;2008;https://moscow.drom.ru/toyota/corolla/50912948.html;495000;бензин;124;223546
Mercedes-Benz E-Class;2000;https://moscow.drom.ru/mercedes-benz/e-class/50479952.html;500000;бензин;170;207960
Cadillac STS;2005;https://zheleznodorozhniy.drom.ru/cadillac/sts/50898648.html;500000;бензин;255;209800
Volkswagen Passat;2007;https://moscow.drom.ru/volkswagen/passat/50914070.html;500000;бензин;150;454947
Opel Vectra;2008;https://moscow.drom.ru/opel/vectra/50922135.html;500000;бензин;155;244000
Kia Rio;2012;https://moscow.drom.ru/kia/rio/50900724.html;500000;бензин;107;266000
Лада Гранта;2017;https://moscow.drom.ru/lada/granta/50364492.html;500000;бензин;87;107000
Mitsubishi Lancer;2008;https://moscow.drom.ru/mitsubishi/lancer/50542068.html;501000;бензин;109;228000
Audi A6;2002;https://moscow.drom.ru/audi/a6/50919112.html;505000;бензин;170;200447
Nissan Tiida;2011;https://moscow.drom.ru/nissan/tiida/50529291.html;519000;бензин;110;310000
Продается Toyota Chaser;2001;https://moscow.drom.ru/toyota/chaser/50897972.html;520000;бензин;160;484014
Nissan Laurel;2002;https://moscow.drom.ru/nissan/laurel/50902243.html;520000;бензин;200;140000
Mitsubishi Lancer;2006;https://moscow.drom.ru/mitsubishi/lancer/50914069.html;520000;бензин;98;248627
Audi A4;2007;https://moscow.drom.ru/audi/a4/49270906.html;520000;бензин;200;207000
Лада Приора;2015;https://moscow.drom.ru/lada/priora/50920677.html;520000;бензин;106;162101
Лада Гранта;2018;https://moscow.drom.ru/lada/granta/50530832.html;527000;бензин;98;123951
Toyota Celica;1995;https://moscow.drom.ru/toyota/celica/48882154.html;530000;бензин;103;335000
Nissan Fuga;2006;https://moscow.drom.ru/nissan/fuga/50525839.html;530000;бензин;210;220651
Opel Astra;2008;https://moscow.drom.ru/opel/astra/50118723.html;530000;бензин;140;218500
Citroen C-Elysee;2014;https://moscow.drom.ru/citroen/c-elysee/50530438.html;534000;бензин;72;254864
Ford Focus;2008;https://moscow.drom.ru/ford/focus/50908364.html;540000;бензин;145;228796
Volkswagen Passat;2008;https://moscow.drom.ru/volkswagen/passat/50923140.html;545000;бензин;160;254377
Audi A4;2003;https://moscow.drom.ru/audi/a4/50919059.html;549000;бензин;170;225094
Mercedes-Benz S-Class;1983;https://moscow.drom.ru/mercedes-benz/s-class/50526240.html;550000;бензин;231;239000
Toyota Mark II;1995;https://serpuhov.drom.ru/toyota/mark_ii/50917764.html;550000;бензин;135;555555
Nissan Tiida;2010;https://moscow.drom.ru/nissan/tiida/50906898.html;550000;бензин;110;162246
Honda Accord;2004;https://moscow.drom.ru/honda/accord/50898833.html;555000;бензин;190;380000
Chevrolet Epica;2010;https://moscow.drom.ru/chevrolet/epica/50914097.html;555000;бензин;143;199911
Mitsubishi Lancer;2007;https://moscow.drom.ru/mitsubishi/lancer/50917576.html;565000;бензин;98;156300
Opel Astra Family;2011;https://moscow.drom.ru/opel/astra_family/50905452.html;565000;бензин;115;130014
Лада Гранта;2018;https://moscow.drom.ru/lada/granta/50900797.html;565000;бензин;87;64000
Chrysler Sebring;2007;https://moscow.drom.ru/chrysler/sebring/49430526.html;575000;бензин;186;252477
Renault Logan;2012;https://moscow.drom.ru/renault/logan/50913332.html;575000;бензин;84;96547
Kia Cerato;2009;https://moscow.drom.ru/kia/cerato/50914103.html;578000;бензин;126;391307
Ford Focus;2010;https://moscow.drom.ru/ford/focus/50160754.html;579000;бензин;145;157324
Kia Rio;2016;https://moscow.drom.ru/kia/rio/50909309.html;580000;бензин;107;340000
Chevrolet Epica;2010;https://moscow.drom.ru/chevrolet/epica/50899655.html;584000;бензин;143;219221
Chevrolet Cruze;2011;https://mytishchi.drom.ru/chevrolet/cruze/50535962.html;590000;бензин;141;152000
BMW 5-Series;1999;https://moscow.drom.ru/bmw/5-series/50909588.html;600000;бензин;150;340000
Mercedes-Benz E-Class;2002;https://zvenigorod.drom.ru/mercedes-benz/e-class/50140283.html;600000;дизель;150;350000
BMW 5-Series;2004;https://moscow.drom.ru/bmw/5-series/50538702.html;600000;бензин;170;362438
Volvo S80;2008;https://moscow.drom.ru/volvo/s80/50901256.html;600000;бензин;238;233000
Mitsubishi Lancer;2010;https://moscow.drom.ru/mitsubishi/lancer/50912915.html;600000;бензин;109;170000
Volkswagen Polo;2012;https://moscow.drom.ru/volkswagen/polo/50923655.html;614000;бензин;105;294150
Лада Гранта;2020;https://moscow.drom.ru/lada/granta/50920428.html;615000;бензин;87;120564
Hyundai Solaris;2011;https://reutov.drom.ru/hyundai/solaris/50912629.html;618000;бензин;107;152750
Nissan Almera;2018;https://serpuhov.drom.ru/nissan/almera/50909365.html;620000;бензин;102;171500
Mitsubishi Lancer;2008;https://moscow.drom.ru/mitsubishi/lancer/50536519.html;630000;бензин;150;101000
Chevrolet Cruze;2013;https://moscow.drom.ru/chevrolet/cruze/50529434.html;635000;бензин;141;230000
Mazda Mazda3;2008;https://chehov.drom.ru/mazda/mazda3/50922684.html;640000;бензин;105;142000
Opel Astra;2014;https://moscow.drom.ru/opel/astra/50536737.html;640000;бензин;140;134000
BMW 3-Series;2005;https://moscow.drom.ru/bmw/3-series/50522229.html;649000;бензин;150;330000
Volkswagen Passat;2008;https://moscow.drom.ru/volkswagen/passat/50901284.html;649000;бензин;160;180000
Chevrolet Cruze;2013;https://moscow.drom.ru/chevrolet/cruze/50912881.html;649000;бензин;141;185395
BMW 5-Series;2008;https://moscow.drom.ru/bmw/5-series/50146053.html;650000;бензин;231;350000
Kia Rio;2015;https://dzerzhinskiy.drom.ru/kia/rio/50895326.html;650000;бензин;107;365565
Ravon Nexia R3;2017;https://podolsk.drom.ru/ravon/nexia_r3/50912509.html;650000;бензин;107;53000
Renault Logan;2017;https://sergiev-posad.drom.ru/renault/logan/50539783.html;650000;бензин;82;220000
Mazda Mazda6;2012;https://dolgoprudniy.drom.ru/mazda/mazda6/50912239.html;670000;бензин;120;295000
Kia Rio;2017;https://moscow.drom.ru/kia/rio/50871094.html;670000;бензин;123;69000
Kia Rio;2013;https://moscow.drom.ru/kia/rio/50530209.html;671000;бензин;123;223619
Лада Веста;2016;https://moscow.drom.ru/lada/vesta/50901683.html;675000;бензин;106;141000
Chevrolet Cobalt;2014;https://moscow.drom.ru/chevrolet/cobalt/50901124.html;679000;бензин;105;189810
BMW 7-Series;2006;https://moscow.drom.ru/bmw/7-series/50538482.html;680000;бензин;367;320000
Audi A4;2007;https://moscow.drom.ru/audi/a4/48533612.html;685000;бензин;200;230000
Renault Logan;2013;https://moscow.drom.ru/renault/logan/50913746.html;685000;бензин;75;82177
Volkswagen Passat;2008;https://moscow.drom.ru/volkswagen/passat/50911227.html;689000;бензин;160;170000
Mercedes-Benz E-Class;2006;https://moscow.drom.ru/mercedes-benz/e-class/50683382.html;690000;бензин;184;350000
Ford Mondeo;2008;https://moscow.drom.ru/ford/mondeo/50913320.html;690000;дизель;140;274525
Toyota Corolla;2008;https://moscow.drom.ru/toyota/corolla/50437804.html;690000;бензин;124;222182
Chevrolet Cruze;2013;https://moscow.drom.ru/chevrolet/cruze/50914075.html;694000;бензин;109;187475
Toyota Avensis;2008;https://moscow.drom.ru/toyota/avensis/50524249.html;694900;бензин;129;183658
Ravon Gentra;2017;https://moscow.drom.ru/ravon/gentra/50517736.html;694900;бензин;107;87000
Ford Mondeo;2008;https://moscow.drom.ru/ford/mondeo/50920568.html;698000;бензин;161;148685
Audi A6;2008;https://moscow.drom.ru/audi/a6/50899959.html;699000;бензин;170;160589
Лада Веста;2019;https://moscow.drom.ru/lada/vesta/50525693.html;699000;бензин;106;189030
Mercedes-Benz E-Class;2005;https://moscow.drom.ru/mercedes-benz/e-class/50176466.html;700000;бензин;306;60000
BMW 3-Series;2006;https://serpuhov.drom.ru/bmw/3-series/50907130.html;700000;бензин;218;336546
Volkswagen Polo;2013;https://moscow.drom.ru/volkswagen/polo/50524069.html;715000;бензин;105;200000
BMW 5-Series;2004;https://moscow.drom.ru/bmw/5-series/50886607.html;720000;бензин;170;330000
Лада Гранта;2021;https://moscow.drom.ru/lada/granta/50141276.html;720000;бензин;90;47900
Nissan Almera;2017;https://moscow.drom.ru/nissan/almera/50911944.html;725000;бензин;102;167800
Datsun on-DO;2020;https://moscow.drom.ru/datsun/on-do/50920594.html;725000;бензин;87;36603
Nissan Sentra;2014;https://reutov.drom.ru/nissan/sentra/50531788.html;738000;бензин;117;139352
Suzuki Liana;2007;https://moscow.drom.ru/suzuki/liana/50895183.html;745000;бензин;107;74375
Audi A8;2007;https://moscow.drom.ru/audi/a8/50718847.html;749000;бензин;450;171623
Toyota Mark II;1997;https://moscow.drom.ru/toyota/mark_ii/48190089.html;750000;бензин;200;249500
Audi A4;2008;https://odintsovo.drom.ru/audi/a4/50915487.html;750000;дизель;143;192000
Volkswagen Polo;2011;https://moscow.drom.ru/volkswagen/polo/50910129.html;750000;бензин;105;99000
Chevrolet Cruze;2012;https://moscow.drom.ru/chevrolet/cruze/50526380.html;750000;бензин;141;103000
Nissan Almera;2014;https://orehovo-zuevo.drom.ru/nissan/almera/49798584.html;750000;бензин;102;123000
Лада Гранта;2019;https://moscow.drom.ru/lada/granta/50909210.html;750000;бензин;106;62220
Nissan Almera;2016;https://moscow.drom.ru/nissan/almera/50912689.html;753000;бензин;102;146506
Hyundai Solaris;2011;https://moscow.drom.ru/hyundai/solaris/50910057.html;757000;бензин;123;130429
Honda Accord;2008;https://krasnogorsk.drom.ru/honda/accord/50919097.html;760000;бензин;156;260000
Kia Rio;2015;https://moscow.drom.ru/kia/rio/50894809.html;775000;бензин;107;165000
Nissan Almera;2016;https://moscow.drom.ru/nissan/almera/50917613.html;778000;бензин;102;84937
Mercedes-Benz CLS-Class;2007;https://shchelkovo.drom.ru/mercedes-benz/cls-class/50536246.html;780000;бензин;272;250000
Ford Mondeo;2011;https://moscow.drom.ru/ford/mondeo/50524778.html;780000;дизель;140;259000
Hyundai Solaris;2013;https://moscow.drom.ru/hyundai/solaris/50913502.html;780000;бензин;123;139998
Volkswagen Jetta;2011;https://moscow.drom.ru/volkswagen/jetta/50123482.html;780444;бензин;122;102274
Hyundai Solaris;2013;https://moscow.drom.ru/hyundai/solaris/50903193.html;787000;бензин;107;86200
Kia Rio;2012;https://moscow.drom.ru/kia/rio/50913333.html;789000;бензин;123;151913
Mercedes-Benz S-Class;2006;https://moscow.drom.ru/mercedes-benz/s-class/47172765.html;790000;бензин;272;215000
Citroen C4;2016;https://moscow.drom.ru/citroen/c4/46803234.html;790000;бензин;150;73900
Subaru Legacy;2008;https://moscow.drom.ru/subaru/legacy/50916071.html;795000;бензин;173;198000
Лада Гранта;2021;https://moscow.drom.ru/lada/granta/50914612.html;797000;бензин;87;42499
Hyundai Solaris;2011;https://ramenskoe.drom.ru/hyundai/solaris/50886262.html;799000;бензин;123;136432
Ford Mondeo;2012;https://moscow.drom.ru/ford/mondeo/50077871.html;799000;дизель;140;134000
Volvo S60;2012;https://moscow.drom.ru/volvo/s60/50241432.html;799000;бензин;150;139146
Volkswagen Polo;2017;https://moscow.drom.ru/volkswagen/polo/47902709.html;799999;бензин;90;91260
BMW 5-Series;2004;https://moscow.drom.ru/bmw/5-series/49461059.html;800000;бензин;192;300000
Volkswagen Jetta;2012;https://moscow.drom.ru/volkswagen/jetta/50923291.html;800000;бензин;122;200000
Kia Cerato;2014;https://moscow.drom.ru/kia/cerato/50901731.html;800000;бензин;130;118200
Лада Веста;2016;https://moscow.drom.ru/lada/vesta/50902060.html;800000;бензин;106;168880
Volkswagen Polo;2017;https://moscow.drom.ru/volkswagen/polo/50899777.html;800000;бензин;110;114400
Audi A6;2008;https://moscow.drom.ru/audi/a6/50901830.html;810000;бензин;210;290000
Volkswagen Jetta;2012;https://moscow.drom.ru/volkswagen/jetta/50517498.html;815000;бензин;122;198928
Hyundai Solaris;2014;https://moscow.drom.ru/hyundai/solaris/50143815.html;815000;бензин;107;65738
Kia Cerato;2009;https://moscow.drom.ru/kia/cerato/50911630.html;820000;бензин;126;243000
Kia Rio;2012;https://moscow.drom.ru/kia/rio/50524977.html;820000;бензин;123;75157
Лада Гранта;2021;https://serpuhov.drom.ru/lada/granta/49470331.html;820000;бензин;106;22000
Toyota Camry;2007;https://moscow.drom.ru/toyota/camry/50524072.html;825000;бензин;167;338000
Лада Гранта;2022;https://moscow.drom.ru/lada/granta/50524647.html;829000;бензин;90;4700
Volkswagen Passat;2011;https://moscow.drom.ru/volkswagen/passat/50542335.html;830000;бензин;152;210835
Subaru Impreza WRX;2002;https://lyubertsy.drom.ru/subaru/impreza_wrx/50922075.html;835000;бензин;218;198000
Volkswagen Polo;2017;https://moscow.drom.ru/volkswagen/polo/50921866.html;840000;бензин;110;195182
Chevrolet Aveo;2012;https://moscow.drom.ru/chevrolet/aveo/50902729.html;845000;бензин;115;92950
Hyundai Solaris;2015;https://moscow.drom.ru/hyundai/solaris/50542066.html;848000;бензин;123;147000
Volkswagen Passat;2012;https://moscow.drom.ru/volkswagen/passat/49463613.html;849000;бензин;152;167920
Volvo S60;2012;https://moscow.drom.ru/volvo/s60/50737301.html;849000;бензин;150;133654
Lexus LS600hL;2008;https://moscow.drom.ru/lexus/ls600hl/50133411.html;850000;бензин;367;342411
Mazda Mazda6;2008;https://moscow.drom.ru/mazda/mazda6/50922588.html;850000;бензин;147;158800
Audi A4;2011;https://moscow.drom.ru/audi/a4/50898460.html;850000;бензин;120;203000
Kia Rio;2012;https://podolsk.drom.ru/kia/rio/50913671.html;850000;бензин;123;157607
Volvo S60;2012;https://nahabino.drom.ru/volvo/s60/50894294.html;850000;бензин;150;153000
Kia Cerato;2013;https://moscow.drom.ru/kia/cerato/50125233.html;850000;бензин;130;181000
Kia Rio;2017;https://moscow.drom.ru/kia/rio/50532502.html;850000;бензин;123;250000
Ravon Nexia R3;2017;https://orehovo-zuevo.drom.ru/ravon/nexia_r3/50892180.html;852000;бензин;107;72125
Mazda Mazda3;2012;https://moscow.drom.ru/mazda/mazda3/50913736.html;855000;бензин;105;184132
Mercedes-Benz S-Class;2007;https://lyubertsy.drom.ru/mercedes-benz/s-class/50523512.html;870000;бензин;388;187000
BMW 3-Series;2011;https://moscow.drom.ru/bmw/3-series/50911933.html;870000;бензин;136;191487
Hyundai Solaris;2016;https://moscow.drom.ru/hyundai/solaris/50900708.html;870000;бензин;123;97000
Nissan Teana;2011;https://moscow.drom.ru/nissan/teana/50522178.html;873000;бензин;182;130300
Ford Focus;2010;https://moscow.drom.ru/ford/focus/50922790.html;878000;бензин;145;119757
Lexus LS460L;2007;https://moscow.drom.ru/lexus/ls460l/48884455.html;880000;бензин;380;202000
Volkswagen Passat;2012;https://moscow.drom.ru/volkswagen/passat/50903119.html;899000;бензин;152;109000
Volkswagen Jetta;2015;https://moscow.drom.ru/volkswagen/jetta/50923782.html;899000;бензин;105;88800
Volkswagen Polo;2016;https://himki.drom.ru/volkswagen/polo/50644432.html;899000;бензин;110;103400
BMW 3-Series;2007;https://moscow.drom.ru/bmw/3-series/50127501.html;899999;бензин;218;243000
Hyundai Equus;2012;https://moscow.drom.ru/hyundai/equus/50912554.html;900000;бензин;290;228000
Kia Cerato;2015;https://moscow.drom.ru/kia/cerato/50901911.html;900000;бензин;150;113500
Лада Гранта;2020;https://moscow.drom.ru/lada/granta/48524666.html;900000;бензин;106;23414
Лада Гранта;2022;https://moscow.drom.ru/lada/granta/50908258.html;905000;бензин;90;3500
Audi A6;2010;https://moscow.drom.ru/audi/a6/50920527.html;910000;бензин;190;198000
Opel Insignia;2010;https://moscow.drom.ru/opel/insignia/50920018.html;910000;дизель;160;196000
Volvo S80;2012;https://moscow.drom.ru/volvo/s80/50135695.html;910000;бензин;249;164672
Mazda Mazda3;2012;https://moscow.drom.ru/mazda/mazda3/50901128.html;913000;бензин;105;112072
Volkswagen Polo;2013;https://moscow.drom.ru/volkswagen/polo/50463848.html;915000;бензин;105;35679
Volkswagen Passat;2012;https://reutov.drom.ru/volkswagen/passat/50531783.html;918000;бензин;122;96345
Ford Mondeo;2012;https://moscow.drom.ru/ford/mondeo/50912451.html;919000;бензин;160;272756
Volkswagen Polo;2014;https://moscow.drom.ru/volkswagen/polo/50898954.html;919000;бензин;105;79599
Mercedes-Benz E-Class;2007;https://mytishchi.drom.ru/mercedes-benz/e-class/50527590.html;920000;дизель;170;264000
Ford Mondeo;2012;https://himki.drom.ru/ford/mondeo/50533109.html;920000;бензин;145;179500
Hyundai i40;2013;https://moscow.drom.ru/hyundai/i40/48880942.html;920000;бензин;150;168893
Volkswagen Jetta;2015;https://moscow.drom.ru/volkswagen/jetta/50517593.html;922000;бензин;105;151200
Лада Гранта;2022;https://moscow.drom.ru/lada/granta/50898135.html;926000;бензин;90;3533
BMW 3-Series;2009;https://moscow.drom.ru/bmw/3-series/50542913.html;930000;бензин;156;210000
Kia Rio;2017;https://moscow.drom.ru/kia/rio/50920573.html;939000;бензин;123;132344
Nissan Teana;2010;https://moscow.drom.ru/nissan/teana/50899596.html;945000;бензин;182;178500
Kia Cerato;2013;https://moscow.drom.ru/kia/cerato/50134742.html;947000;бензин;130;168075
Mercedes-Benz S-Class;2007;https://moscow.drom.ru/mercedes-benz/s-class/50629834.html;949000;бензин;388;140384
Volvo S80;2012;https://moscow.drom.ru/volvo/s80/50759289.html;949000;бензин;249;145132
Volkswagen Polo;2017;https://moscow.drom.ru/volkswagen/polo/50219368.html;949000;бензин;125;79909
BMW 6-Series;2004;https://malahovka.drom.ru/bmw/6-series/50872549.html;950000;бензин;333;119234
Lexus GS450h;2008;https://moscow.drom.ru/lexus/gs450h/50901246.html;950000;бензин;296;286000
Kia Cerato;2014;https://moscow.drom.ru/kia/cerato/50524990.html;950000;бензин;150;181745
Kia Cerato;2015;https://moscow.drom.ru/kia/cerato/50901639.html;950000;бензин;150;112900
Kia Rio;2015;https://moscow.drom.ru/kia/rio/50534720.html;950000;бензин;123;80182
Volkswagen Polo;2016;https://moscow.drom.ru/volkswagen/polo/50891765.html;950000;бензин;110;119788
Hyundai Solaris;2017;https://moscow.drom.ru/hyundai/solaris/50898444.html;950000;бензин;123;286469
Лада Веста;2018;https://moscow.drom.ru/lada/vesta/50901279.html;950000;бензин;106;65949
Лада Веста;2018;https://moscow.drom.ru/lada/vesta/50900710.html;950000;бензин;106;107600
Лада Веста;2021;https://moscow.drom.ru/lada/vesta/49975278.html;950000;бензин;106;54645
Лада Веста;2019;https://moscow.drom.ru/lada/vesta/50913455.html;955000;бензин;106;79435
Audi A6;2009;https://krasnogorsk.drom.ru/audi/a6/50912644.html;960000;бензин;220;234000
Hyundai i40;2014;https://moscow.drom.ru/hyundai/i40/50517573.html;967000;бензин;135;112889
Lexus GS450h;2007;https://moscow.drom.ru/lexus/gs450h/50871221.html;970000;бензин;296;334000
Volkswagen Polo;2019;https://moscow.drom.ru/volkswagen/polo/48547382.html;980000;бензин;110;86473
Volkswagen Jetta;2014;https://moscow.drom.ru/volkswagen/jetta/50517478.html;985000;бензин;122;178196
Hyundai Solaris;2014;https://moscow.drom.ru/hyundai/solaris/50541149.html;988000;бензин;107;16464
Mercedes-Benz SLK-Class;1998;https://moscow.drom.ru/mercedes-benz/slk-class/50147045.html;990000;бензин;193;122000
Nissan Teana;2014;https://moscow.drom.ru/nissan/teana/50923592.html;995000;бензин;173;156300
Kia Rio;2015;https://moscow.drom.ru/kia/rio/50898123.html;996000;бензин;123;132896
Jaguar X-Type;2007;https://moscow.drom.ru/jaguar/x-type/50907931.html;998888;бензин;156;93800
Kia Rio;2017;https://moscow.drom.ru/kia/rio/50921778.html;999000;бензин;123;113885
Toyota Camry;2009;https://moscow.drom.ru/toyota/camry/50119890.html;1000000;бензин;167;320000
Hyundai Genesis;2010;https://dolgoprudniy.drom.ru/hyundai/genesis/48203520.html;1000000;бензин;290;260645
Mercedes-Benz C-Class;2012;https://moscow.drom.ru/mercedes-benz/c-class/50127833.html;1000000;бензин;156;130000
Opel Insignia;2013;https://moscow.drom.ru/opel/insignia/50910601.html;1000000;бензин;249;215841
Toyota Corolla Axio;2017;https://moscow.drom.ru/toyota/corolla_axio/50900340.html;1000000;бензин;109;65500
Лада Веста;2021;https://moscow.drom.ru/lada/vesta/50901959.html;1000000;бензин;106;5000
Volkswagen Polo;2017;https://moscow.drom.ru/volkswagen/polo/50538720.html;1003000;бензин;110;82148
Kia Rio;2014;https://moscow.drom.ru/kia/rio/50913344.html;1011000;бензин;107;30186
Volkswagen Polo;2018;https://moscow.drom.ru/volkswagen/polo/50923840.html;1020000;бензин;110;99913
Nissan Teana;2011;https://moscow.drom.ru/nissan/teana/50902533.html;1028000;бензин;185;168491
Nissan Teana;2012;https://moscow.drom.ru/nissan/teana/50919158.html;1030000;бензин;182;180000
Volkswagen Polo;2018;https://moscow.drom.ru/volkswagen/polo/50923823.html;1030000;бензин;110;94395
Volkswagen Polo;2018;https://moscow.drom.ru/volkswagen/polo/47186755.html;1030000;бензин;110;95429
Volkswagen Polo;2018;https://moscow.drom.ru/volkswagen/polo/47171116.html;1030000;бензин;110;90567
Mercedes-Benz S-Class;2007;https://moscow.drom.ru/mercedes-benz/s-class/50896900.html;1035000;бензин;340;170000
Volkswagen Polo;2018;https://moscow.drom.ru/volkswagen/polo/50130243.html;1035000;бензин;110;87911
Chevrolet Cobalt;2020;https://moscow.drom.ru/chevrolet/cobalt/50528735.html;1039000;бензин;106;59836
Hyundai Solaris;2017;https://moscow.drom.ru/hyundai/solaris/50729218.html;1049000;бензин;123;70558
BMW 7-Series;2003;https://moscow.drom.ru/bmw/7-series/45674281.html;1050000;бензин;445;170000
BMW 3-Series;2010;https://nahabino.drom.ru/bmw/3-series/50916119.html;1050000;бензин;218;263000
Mazda Mazda6;2010;https://moscow.drom.ru/mazda/mazda6/50902849.html;1050000;бензин;147;194115
Mercedes-Benz C-Class;2010;https://moscow.drom.ru/mercedes-benz/c-class/50081537.html;1050000;дизель;204;240000
Лада Веста;2020;https://moscow.drom.ru/lada/vesta/50910408.html;1050000;бензин;106;76000
Volkswagen Polo;2018;https://moscow.drom.ru/volkswagen/polo/50517602.html;1054000;бензин;110;36021
Kia Optima;2013;https://moscow.drom.ru/kia/optima/50529493.html;1054800;бензин;180;170000
Hyundai Solaris;2015;https://moscow.drom.ru/hyundai/solaris/50913167.html;1055000;бензин;123;53523
Volkswagen Polo;2016;https://moscow.drom.ru/volkswagen/polo/50903195.html;1064000;бензин;110;97000
Hyundai Solaris;2017;https://moscow.drom.ru/hyundai/solaris/50913341.html;1065000;бензин;100;169596
Hyundai Solaris;2018;https://moscow.drom.ru/hyundai/solaris/50913335.html;1065000;бензин;123;273000
Mercedes-Benz E-Class;2011;https://moscow.drom.ru/mercedes-benz/e-class/50528448.html;1066000;бензин;184;199099
Ford Focus;2016;https://moscow.drom.ru/ford/focus/50922787.html;1067200;бензин;125;81869
Volkswagen Polo;2019;https://moscow.drom.ru/volkswagen/polo/50914243.html;1069000;бензин;125;80000
Kia Cerato;2010;https://moscow.drom.ru/kia/cerato/50535836.html;1075000;бензин;126;62000
Hyundai Elantra;2015;https://reutov.drom.ru/hyundai/elantra/50912634.html;1079000;бензин;132;167736
Hyundai Solaris;2016;https://moscow.drom.ru/hyundai/solaris/50911246.html;1079000;бензин;123;64000
BMW 3-Series;2010;https://moscow.drom.ru/bmw/3-series/50554087.html;1080000;бензин;156;210000
Mercedes-Benz S-Class;2011;https://moscow.drom.ru/mercedes-benz/s-class/50543057.html;1080000;бензин;435;160000
BMW 7-Series;2009;https://moscow.drom.ru/bmw/7-series/50903259.html;1090000;бензин;407;175000
Infiniti G25;2011;https://moscow.drom.ru/infiniti/g25/50535063.html;1095000;бензин;222;187000
Kia Rio;2017;https://moscow.drom.ru/kia/rio/49983074.html;1099000;бензин;123;112346
Kia Rio;2017;https://moscow.drom.ru/kia/rio/50726765.html;1099000;бензин;123;85635
Kia Rio;2018;https://moscow.drom.ru/kia/rio/50740643.html;1099000;бензин;123;77002
Volkswagen Polo;2019;https://moscow.drom.ru/volkswagen/polo/50410066.html;1099000;бензин;110;80778
Toyota Camry;2010;https://moscow.drom.ru/toyota/camry/50862060.html;1100000;бензин;179;188000
Volkswagen Jetta;2013;https://moscow.drom.ru/volkswagen/jetta/50899987.html;1100000;бензин;105;97118
Kia Rio;2016;https://moscow.drom.ru/kia/rio/50922375.html;1100000;бензин;123;117000
Volkswagen Polo;2019;https://moscow.drom.ru/volkswagen/polo/50136585.html;1115000;бензин;110;71268
Volkswagen Polo;2018;https://moscow.drom.ru/volkswagen/polo/50541052.html;1125000;бензин;110;88029
Volkswagen Polo;2018;https://moscow.drom.ru/volkswagen/polo/50130242.html;1125000;бензин;110;85145
Opel Insignia;2014;https://moscow.drom.ru/opel/insignia/50538066.html;1125250;бензин;170;138309
Mercedes-Benz C-Class;2010;https://moscow.drom.ru/mercedes-benz/c-class/50530881.html;1132000;бензин;231;125823
Kia Optima;2012;https://moscow.drom.ru/kia/optima/50913379.html;1137000;бензин;150;157715
Audi A5;2012;https://moscow.drom.ru/audi/a5/50130143.html;1140000;бензин;170;110875
Лада Веста;2021;https://moscow.drom.ru/lada/vesta/50528334.html;1145000;бензин;113;74360
Volkswagen Polo;2019;https://moscow.drom.ru/volkswagen/polo/50901288.html;1149000;бензин;110;41000
Audi A4;2010;https://moscow.drom.ru/audi/a4/50895998.html;1150000;бензин;211;110159
BMW 3-Series;2011;https://moscow.drom.ru/bmw/3-series/50899977.html;1150000;бензин;136;116841
Mercedes-Benz C-Class;2012;https://moscow.drom.ru/mercedes-benz/c-class/50919442.html;1150000;бензин;156;170000
Volkswagen Polo;2018;https://moscow.drom.ru/volkswagen/polo/50541277.html;1150000;бензин;110;94000
Volkswagen Polo;2019;https://moscow.drom.ru/volkswagen/polo/50136596.html;1150000;бензин;110;121019
BMW 7-Series;2010;https://korolev.drom.ru/bmw/7-series/49471208.html;1155000;бензин;407;127500
Chevrolet Malibu;2015;https://bronnitsy.drom.ru/chevrolet/malibu/50138361.html;1160000;бензин;163;115000
Honda Grace;2016;https://moscow.drom.ru/honda/grace/50541274.html;1160000;бензин;110;164000
Kia Rio;2019;https://moscow.drom.ru/kia/rio/50920767.html;1160000;бензин;100;89919
Лада Веста;2020;https://moscow.drom.ru/lada/vesta/50913452.html;1168000;бензин;113;60000
Kia Cerato;2014;https://moscow.drom.ru/kia/cerato/50901850.html;1175000;бензин;150;125651
Volkswagen Polo;2019;https://moscow.drom.ru/volkswagen/polo/50923901.html;1175000;бензин;110;99793
Hyundai Elantra;2014;https://moscow.drom.ru/hyundai/elantra/50915844.html;1177000;бензин;150;130700
Audi A5;2012;https://moscow.drom.ru/audi/a5/49467407.html;1180000;бензин;211;135000
Kia Optima;2015;https://moscow.drom.ru/kia/optima/49799035.html;1180000;бензин;192;125700
Hyundai Solaris;2018;https://moscow.drom.ru/hyundai/solaris/49787204.html;1180000;бензин;123;54300
Hyundai Elantra;2012;https://moscow.drom.ru/hyundai/elantra/50526886.html;1182000;бензин;132;71865
Kia Optima;2011;https://moscow.drom.ru/kia/optima/50530442.html;1186000;бензин;180;148957
Kia Rio;2019;https://moscow.drom.ru/kia/rio/50530812.html;1187000;бензин;123;58820
Toyota Premio;2008;https://moscow.drom.ru/toyota/premio/50821319.html;1190000;бензин;125;31080,безпробегапоРФ
Volvo S60;2012;https://moscow.drom.ru/volvo/s60/50908519.html;1199000;бензин;150;112000
Volkswagen Polo;2020;https://domodedovo.drom.ru/volkswagen/polo/50882199.html;1199000;бензин;110;49999
Jaguar XF;2012;https://moscow.drom.ru/jaguar/xf/50900101.html;1200000;бензин;510;150000
Volkswagen Passat;2012;https://moscow.drom.ru/volkswagen/passat/49452918.html;1200000;бензин;152;95000
Kia Optima;2013;https://moscow.drom.ru/kia/optima/48828969.html;1200000;бензин;180;233865
Chevrolet Malibu;2016;https://moscow.drom.ru/chevrolet/malibu/48867829.html;1200000;бензин;163;106000
Volkswagen Polo;2019;https://moscow.drom.ru/volkswagen/polo/50136592.html;1200000;бензин;110;81455
Audi A3;2014;https://moscow.drom.ru/audi/a3/50914085.html;1215000;бензин;122;141583
Kia Rio;2016;https://moscow.drom.ru/kia/rio/50913260.html;1215000;бензин;123;64417
Renault Logan;2020;https://moscow.drom.ru/renault/logan/50531156.html;1215000;бензин;102;25768
Kia Rio;2017;https://moscow.drom.ru/kia/rio/50121557.html;1218000;бензин;123;101872
Kia Rio;2018;https://moscow.drom.ru/kia/rio/50136526.html;1219000;бензин;123;70000
Hyundai Solaris;2020;https://himki.drom.ru/hyundai/solaris/50504970.html;1220000;бензин;123;53320
Chevrolet Nexia;2021;https://moscow.drom.ru/chevrolet/nexia/50913504.html;1220000;бензин;106;1000
Honda Accord;2008;https://moscow.drom.ru/honda/accord/48830336.html;1230000;бензин;156;113000
Renault Logan Stepway;2019;https://moscow.drom.ru/renault/logan_stepway/50909008.html;1230000;бензин;102;39879
Volkswagen Polo;2016;https://moscow.drom.ru/volkswagen/polo/50903650.html;1237000;бензин;125;60210
Mazda Mazda6;2012;https://moscow.drom.ru/mazda/mazda6/50898142.html;1239000;бензин;150;233871
Hyundai Elantra;2015;https://moscow.drom.ru/hyundai/elantra/50914704.html;1240000;бензин;150;128000
Kia Cerato;2014;https://moscow.drom.ru/kia/cerato/50891760.html;1248000;бензин;130;118624
Audi A6;2008;https://himki.drom.ru/audi/a6/50892504.html;1249000;бензин;249;120731
Jaguar XF;2011;https://moscow.drom.ru/jaguar/xf/50737273.html;1249000;дизель;275;137364
Mazda MX-5;2007;https://moscow.drom.ru/mazda/mx-5/46228092.html;1250000;бензин;160;160000
Mercedes-Benz S-Class;2007;https://moscow.drom.ru/mercedes-benz/s-class/49803897.html;1250000;бензин;388;270
Toyota Camry;2007;https://moscow.drom.ru/toyota/camry/47355922.html;1250000;бензин;167;226845
Honda Accord;2010;https://moscow.drom.ru/honda/accord/50540846.html;1250000;бензин;201;232000
Hyundai Solaris;2018;https://moscow.drom.ru/hyundai/solaris/50907655.html;1255000;бензин;123;125500
Volkswagen Polo;2019;https://moscow.drom.ru/volkswagen/polo/49478030.html;1260000;бензин;110;88906
Volvo S80;2011;https://istra.drom.ru/volvo/s80/50917401.html;1265000;бензин;231;149000
BMW 3-Series;2008;https://moscow.drom.ru/bmw/3-series/47840237.html;1275000;бензин;306;196000
Mercedes-Benz SLK-Class;2004;https://moscow.drom.ru/mercedes-benz/slk-class/50916304.html;1280000;бензин;163;165000
Audi A3;2018;https://moscow.drom.ru/audi/a3/50903003.html;1280000;бензин;150;136911
Hyundai Solaris;2018;https://moscow.drom.ru/hyundai/solaris/50899919.html;1280000;бензин;123;119768
Volkswagen Polo;2019;https://moscow.drom.ru/volkswagen/polo/49790989.html;1280000;бензин;110;78596
Volkswagen Polo;2019;https://moscow.drom.ru/volkswagen/polo/49791112.html;1285000;бензин;110;84935
Volkswagen Polo;2019;https://moscow.drom.ru/volkswagen/polo/49790923.html;1285000;бензин;110;84031
BMW 3-Series;2008;https://moscow.drom.ru/bmw/3-series/50917995.html;1290000;дизель;231;250000
Mercedes-Benz C-Class;2012;https://moscow.drom.ru/mercedes-benz/c-class/50540709.html;1290000;бензин;156;169139
Audi A6;2012;https://moscow.drom.ru/audi/a6/50900499.html;1295000;бензин;180;184014
Nissan Teana;2012;https://moscow.drom.ru/nissan/teana/50529738.html;1295000;бензин;249;157000
BMW 3-Series;2014;https://moscow.drom.ru/bmw/3-series/50901009.html;1297000;бензин;136;112907
BMW 3-Series;2012;https://moscow.drom.ru/bmw/3-series/50902141.html;1299000;дизель;184;143268
Mercedes-Benz C-Class;2013;https://moscow.drom.ru/mercedes-benz/c-class/50921730.html;1299000;бензин;156;110528
Ford Focus;2018;https://moscow.drom.ru/ford/focus/50530439.html;1299000;бензин;150;82392
Kia Rio;2018;https://moscow.drom.ru/kia/rio/50911508.html;1299000;бензин;123;101065
Volkswagen Polo;2019;https://moscow.drom.ru/volkswagen/polo/49463523.html;1300000;бензин;110;86387
Hyundai Solaris;2020;https://moscow.drom.ru/hyundai/solaris/50908966.html;1300000;бензин;123;205000
Toyota Corolla;2014;https://moscow.drom.ru/toyota/corolla/50138709.html;1305000;бензин;122;56000
Volkswagen Polo;2019;https://moscow.drom.ru/volkswagen/polo/50136588.html;1305000;бензин;110;116754
Volkswagen Polo;2019;https://moscow.drom.ru/volkswagen/polo/50136589.html;1305000;бензин;110;116365
Volkswagen Polo;2019;https://moscow.drom.ru/volkswagen/polo/50136591.html;1305000;бензин;110;125671
Volkswagen Polo;2019;https://moscow.drom.ru/volkswagen/polo/50134548.html;1305000;бензин;110;127758
Volkswagen Polo;2019;https://moscow.drom.ru/volkswagen/polo/49796687.html;1305000;бензин;110;80009
Volkswagen Polo;2019;https://moscow.drom.ru/volkswagen/polo/49791161.html;1305000;бензин;110;85068
Volkswagen Polo;2019;https://moscow.drom.ru/volkswagen/polo/49790954.html;1305000;бензин;110;84609
Nissan Sentra;2015;https://moscow.drom.ru/nissan/sentra/50909337.html;1314000;бензин;117;42336
BMW 5-Series;2012;https://serpuhov.drom.ru/bmw/5-series/49049699.html;1320000;бензин;245;280000
Лада Веста;2022;https://moscow.drom.ru/lada/vesta/50917314.html;1327000;бензин;106;16100
Volkswagen Polo;2019;https://moscow.drom.ru/volkswagen/polo/49471472.html;1330000;бензин;110;82223
Hyundai Solaris;2019;https://moscow.drom.ru/hyundai/solaris/50819353.html;1340000;бензин;123;107273
Toyota Camry;2014;https://moscow.drom.ru/toyota/camry/50923835.html;1345000;бензин;181;129700
Kia Rio;2021;https://moscow.drom.ru/kia/rio/50923482.html;1345000;бензин;100;41100
Audi A6;2014;https://moscow.drom.ru/audi/a6/50671700.html;1349000;бензин;180;132664
Hyundai Solaris;2018;https://himki.drom.ru/hyundai/solaris/50903697.html;1349000;бензин;123;105203
Mazda Mazda3;2013;https://moscow.drom.ru/mazda/mazda3/50902113.html;1350000;бензин;150;143000
BMW 3-Series;2014;https://moscow.drom.ru/bmw/3-series/50913446.html;1350000;бензин;184;185318
Volvo S60;2016;https://moscow.drom.ru/volvo/s60/50913018.html;1350000;дизель;120;111300
Kia Rio;2019;https://podolsk.drom.ru/kia/rio/50135124.html;1350000;бензин;123;135000
Audi A3;2019;https://moscow.drom.ru/audi/a3/49471363.html;1355000;бензин;150;100694
Volkswagen Polo;2019;https://moscow.drom.ru/volkswagen/polo/50923938.html;1355000;бензин;110;90299
Volkswagen Polo;2019;https://moscow.drom.ru/volkswagen/polo/50923935.html;1355000;бензин;110;83843
Volkswagen Polo;2019;https://moscow.drom.ru/volkswagen/polo/50923936.html;1355000;бензин;110;76697
Volkswagen Polo;2019;https://moscow.drom.ru/volkswagen/polo/50923937.html;1355000;бензин;110;84940
Volkswagen Polo;2019;https://moscow.drom.ru/volkswagen/polo/50923932.html;1355000;бензин;110;86419
Volkswagen Polo;2019;https://moscow.drom.ru/volkswagen/polo/50136590.html;1355000;бензин;110;131503
Volkswagen Polo;2019;https://moscow.drom.ru/volkswagen/polo/50136593.html;1355000;бензин;110;118004
Volkswagen Polo;2019;https://moscow.drom.ru/volkswagen/polo/50517311.html;1355000;бензин;110;81716
BMW 3-Series;2012;https://moscow.drom.ru/bmw/3-series/50907413.html;1358000;бензин;184;120335
Kia Rio;2018;https://moscow.drom.ru/kia/rio/50913535.html;1360000;бензин;123;86723
Volvo S60;2013;https://moscow.drom.ru/volvo/s60/50923848.html;1368000;бензин;180;161961
Jaguar XF;2013;https://moscow.drom.ru/jaguar/xf/50357559.html;1370000;бензин;240;131000
Hyundai Elantra;2016;https://moscow.drom.ru/hyundai/elantra/50900705.html;1370000;бензин;128;109000
Hyundai Elantra;2017;https://reutov.drom.ru/hyundai/elantra/50912619.html;1379000;бензин;150;96809
Toyota Crown;2012;https://moscow.drom.ru/toyota/crown/50921805.html;1380000;бензин;203;175000
Volkswagen Polo;2019;https://moscow.drom.ru/volkswagen/polo/49463520.html;1380000;бензин;110;70890
Volkswagen Polo;2019;https://moscow.drom.ru/volkswagen/polo/49463521.html;1380000;бензин;110;90959
Volkswagen Polo;2019;https://moscow.drom.ru/volkswagen/polo/49463524.html;1380000;бензин;110;70338
Volkswagen Polo;2019;https://moscow.drom.ru/volkswagen/polo/49463528.html;1380000;бензин;110;75555
Kia Rio;2017;https://moscow.drom.ru/kia/rio/50901945.html;1384000;бензин;123;102100
Volkswagen Polo;2019;https://moscow.drom.ru/volkswagen/polo/50923939.html;1385000;бензин;110;80053
Volkswagen Polo;2019;https://moscow.drom.ru/volkswagen/polo/50923940.html;1385000;бензин;110;76849
Toyota Corolla;2016;https://moscow.drom.ru/toyota/corolla/50537036.html;1389000;бензин;122;101277
Subaru Impreza WRX STI;2004;https://moscow.drom.ru/subaru/impreza_wrx_sti/48178478.html;1390000;бензин;280;125000
Volkswagen Polo;2019;https://moscow.drom.ru/volkswagen/polo/49790933.html;1390000;бензин;110;100973
Audi A6;2013;https://moscow.drom.ru/audi/a6/50903135.html;1399000;бензин;310;142000
Cadillac CTS;2011;https://moscow.drom.ru/cadillac/cts/49764940.html;1400000;бензин;318;111157
Hyundai Elantra;2018;https://moscow.drom.ru/hyundai/elantra/50908551.html;1400000;бензин;150;76157
Kia Optima;2019;https://moscow.drom.ru/kia/optima/50917137.html;1400000;бензин;150;156353
Audi A3;2019;https://moscow.drom.ru/audi/a3/50901258.html;1405000;бензин;150;77482
Mercedes-Benz CLA-Class;2015;https://moscow.drom.ru/mercedes-benz/cla-class/50535852.html;1410000;бензин;150;222000
Lexus LS600hL;2012;https://moscow.drom.ru/lexus/ls600hl/50530873.html;1412000;бензин;367;243691
Hyundai Solaris;2018;https://moscow.drom.ru/hyundai/solaris/50922794.html;1418000;бензин;123;18151
Toyota Camry;2018;https://moscow.drom.ru/toyota/camry/50538020.html;1420000;бензин;150;21800
Toyota Mark II;1997;https://moscow.drom.ru/toyota/mark_ii/50529623.html;1425000;бензин;280;195000
Toyota Camry;2013;https://moscow.drom.ru/toyota/camry/50921047.html;1445000;бензин;181;137126
Toyota Corolla;2017;https://moscow.drom.ru/toyota/corolla/50531082.html;1449000;бензин;122;135325
Mercedes-Benz C-Class;2011;https://moscow.drom.ru/mercedes-benz/c-class/50914101.html;1450000;бензин;156;126502
Hyundai Solaris;2018;https://moscow.drom.ru/hyundai/solaris/50901838.html;1450000;бензин;123;80000
Volkswagen Polo;2019;https://moscow.drom.ru/volkswagen/polo/50901870.html;1450000;бензин;110;11629
Infiniti Q50;2014;https://moscow.drom.ru/infiniti/q50/50907676.html;1457000;бензин;211;113178
Mercedes-Benz E-Class;2012;https://moscow.drom.ru/mercedes-benz/e-class/50922742.html;1458000;бензин;306;206365
Mazda Mazda6;2015;https://moscow.drom.ru/mazda/mazda6/50542967.html;1460000;бензин;192;152398
BMW 3-Series;2014;https://moscow.drom.ru/bmw/3-series/50914055.html;1465000;бензин;136;123930
Volkswagen Passat CC;2012;https://moscow.drom.ru/volkswagen/passat_cc/40736769.html;1470000;бензин;210;143000
Hyundai Solaris;2020;https://moscow.drom.ru/hyundai/solaris/50907129.html;1470000;бензин;123;50157
Volkswagen Polo;2018;https://moscow.drom.ru/volkswagen/polo/50922330.html;1477111;бензин;110;60837
Lexus ES250;2013;https://moscow.drom.ru/lexus/es250/50902519.html;1480000;бензин;184;205000
Infiniti Q50;2015;https://moscow.drom.ru/infiniti/q50/50135635.html;1482000;бензин;211;125499
BMW 5-Series;2013;https://moscow.drom.ru/bmw/5-series/49803365.html;1490000;бензин;184;215000
Volkswagen Passat;2016;https://moscow.drom.ru/volkswagen/passat/50532298.html;1499000;бензин;125;111704
BMW 3-Series;2002;https://moscow.drom.ru/bmw/3-series/47168945.html;1500000;бензин;231;326000
BMW 5-Series;2010;https://moscow.drom.ru/bmw/5-series/50542072.html;1500000;дизель;184;160000
Mercedes-Benz E-Class;2010;https://podolsk.drom.ru/mercedes-benz/e-class/50920589.html;1500000;бензин;184;208000
Toyota Mark X;2012;https://moscow.drom.ru/toyota/mark_x/48408172.html;1500000;бензин;203;180000
Kia Optima;2019;https://moscow.drom.ru/kia/optima/50898861.html;1500000;бензин;150;350000
Hyundai Solaris;2021;https://moscow.drom.ru/hyundai/solaris/50538692.html;1500000;бензин;123;30233
Hyundai i40;2016;https://moscow.drom.ru/hyundai/i40/50900088.html;1520000;бензин;150;98000
BMW 5-Series;2011;https://moscow.drom.ru/bmw/5-series/50132914.html;1530000;бензин;245;120000
Nissan Teana;2014;https://moscow.drom.ru/nissan/teana/50902546.html;1530000;бензин;249;106905
Volkswagen Passat;2016;https://moscow.drom.ru/volkswagen/passat/50909226.html;1536000;бензин;125;124783
Nissan Teana;2014;https://moscow.drom.ru/nissan/teana/50902637.html;1540000;бензин;173;120000
BMW 5-Series;2011;https://himki.drom.ru/bmw/5-series/50518508.html;1549000;бензин;204;109889
Mercedes-Benz E-Class;2013;https://moscow.drom.ru/mercedes-benz/e-class/50437517.html;1549000;бензин;184;124372
Volvo S80;2014;https://moscow.drom.ru/volvo/s80/50907693.html;1549000;бензин;245;119335
Volkswagen Passat;2017;https://moscow.drom.ru/volkswagen/passat/50542975.html;1549000;бензин;150;94936
BMW 7-Series;2011;https://moscow.drom.ru/bmw/7-series/50652439.html;1550000;бензин;407;162000
BMW 5-Series;2013;https://moscow.drom.ru/bmw/5-series/50507705.html;1550000;бензин;184;130000
Mazda Mazda3;2016;https://moscow.drom.ru/mazda/mazda3/50909148.html;1550000;бензин;155;117168
Mazda Mazda3;2017;https://moscow.drom.ru/mazda/mazda3/50529936.html;1550000;бензин;184;118000
BMW 3-Series;2011;https://moscow.drom.ru/bmw/3-series/50913245.html;1555000;дизель;184;140000
BMW 3-Series;2013;https://moscow.drom.ru/bmw/3-series/50905612.html;1560000;бензин;184;288000
Hyundai Solaris;2021;https://moscow.drom.ru/hyundai/solaris/50902520.html;1560000;бензин;123;41000
Hyundai Solaris;2021;https://moscow.drom.ru/hyundai/solaris/50529593.html;1575000;бензин;123;21676
Mercedes-Benz C-Class;2015;https://moscow.drom.ru/mercedes-benz/c-class/50915880.html;1580000;бензин;156;183000
Infiniti Q50;2014;https://moscow.drom.ru/infiniti/q50/50523602.html;1585000;бензин;211;128209
Hyundai Elantra;2018;https://moscow.drom.ru/hyundai/elantra/50902827.html;1595000;бензин;149;123711
Hyundai Solaris;2020;https://himki.drom.ru/hyundai/solaris/50914644.html;1597000;бензин;123;29506
Kia Rio;2020;https://himki.drom.ru/kia/rio/50914669.html;1597000;бензин;123;15568
Mercedes-Benz E-Class;2013;https://moscow.drom.ru/mercedes-benz/e-class/50900401.html;1599000;бензин;184;143000
Toyota Camry;2017;https://moscow.drom.ru/toyota/camry/50902362.html;1599999;бензин;181;152000
Chevrolet Malibu;2017;https://moscow.drom.ru/chevrolet/malibu/45775468.html;1600000;бензин;163;155000
Ford Fusion;2020;https://odintsovo.drom.ru/ford/fusion/50916946.html;1600000;бензин;181;80000
Kia Rio;2018;https://moscow.drom.ru/kia/rio/50543004.html;1638000;бензин;123;47587
BMW 7-Series;2014;https://moscow.drom.ru/bmw/7-series/50726748.html;1649000;бензин;450;91537
Toyota Camry;2016;https://moscow.drom.ru/toyota/camry/50698799.html;1649000;бензин;181;128500
Toyota Camry;2017;https://moscow.drom.ru/toyota/camry/50562504.html;1649000;бензин;150;102453
Audi A5;2013;https://moscow.drom.ru/audi/a5/50913286.html;1650000;бензин;211;81000
Audi A3;2014;https://moscow.drom.ru/audi/a3/50892457.html;1650000;бензин;125;36317
BMW 5-Series;2014;https://moscow.drom.ru/bmw/5-series/50792960.html;1650000;бензин;184;215000
BMW 5-Series;2015;https://moscow.drom.ru/bmw/5-series/50923501.html;1650000;дизель;190;186000
Hyundai Sonata;2019;https://moscow.drom.ru/hyundai/sonata/50893158.html;1650000;бензин;150;60
Kia Optima;2017;https://moscow.drom.ru/kia/optima/50922770.html;1655000;бензин;150;186280
Ford Mondeo;2018;https://moscow.drom.ru/ford/mondeo/50911339.html;1655650;бензин;149;127217
Kia Rio;2020;https://himki.drom.ru/kia/rio/50914647.html;1659000;бензин;123;43417
Mercedes-Benz E-Class;2013;https://moscow.drom.ru/mercedes-benz/e-class/50291370.html;1660000;бензин;211;110200
Infiniti Q50;2015;https://moscow.drom.ru/infiniti/q50/50517778.html;1665000;бензин;211;107806
Kia Cerato;2019;https://podolsk.drom.ru/kia/cerato/50145061.html;1670000;бензин;150;74800
BMW 3-Series;2016;https://moscow.drom.ru/bmw/3-series/50524555.html;1687000;бензин;184;83100
BMW 3-Series;2011;https://moscow.drom.ru/bmw/3-series/48866036.html;1690000;бензин;245;97000
Kia Optima;2018;https://moscow.drom.ru/kia/optima/50912304.html;1690000;бензин;188;71000
Kia Rio;2020;https://himki.drom.ru/kia/rio/50914642.html;1697000;бензин;123;24493
Toyota Camry;2015;https://moscow.drom.ru/toyota/camry/50726788.html;1699000;бензин;181;115486
BMW 7-Series;1996;https://moscow.drom.ru/bmw/7-series/47833134.html;1700000;бензин;326;152000
BMW 5-Series;2012;https://moscow.drom.ru/bmw/5-series/50521370.html;1700000;бензин;184;93000
BMW 7-Series;2013;https://moscow.drom.ru/bmw/7-series/50529480.html;1700000;бензин;450;200148
Toyota Camry;2017;https://chernogolovka.drom.ru/toyota/camry/50133218.html;1700000;бензин;178;125000,безпробегапоРФ
Jetta VA3;2022;https://moscow.drom.ru/jetta/va3/50136609.html;1710000;бензин;112;23
Jaguar XE;2015;https://moscow.drom.ru/jaguar/xe/50520676.html;1715000;бензин;200;92216
Hyundai Sonata;2018;https://moscow.drom.ru/hyundai/sonata/50914091.html;1725000;бензин;150;75785
Hyundai Solaris;2021;https://himki.drom.ru/hyundai/solaris/50903685.html;1730000;бензин;123;14905
Mercedes-Benz CLA-Class;2018;https://moscow.drom.ru/mercedes-benz/cla-class/50914108.html;1735000;бензин;150;87797
Kia Optima;2018;https://moscow.drom.ru/kia/optima/50923676.html;1739000;бензин;150;87250
Kia Optima;2018;https://moscow.drom.ru/kia/optima/49796138.html;1740000;бензин;150;130877
Ford Fusion;2019;https://elektrostal.drom.ru/ford/fusion/50905389.html;1740000;бензин;181;145000
Volkswagen Jetta;2019;https://podolsk.drom.ru/volkswagen/jetta/50131204.html;1740000;бензин;147;69000
Audi A6;2015;https://moscow.drom.ru/audi/a6/50902395.html;1745000;бензин;249;368732
Mercedes-Benz S-Class;2012;https://moscow.drom.ru/mercedes-benz/s-class/50912886.html;1749000;бензин;435;144332
Infiniti M25;2012;https://moscow.drom.ru/infiniti/m25/50860067.html;1750000;бензин;222;147386
Jaguar XJ;2014;https://moscow.drom.ru/jaguar/xj/50913001.html;1750000;бензин;340;110000
Kia Cerato;2020;https://moscow.drom.ru/kia/cerato/48522710.html;1750000;бензин;128;128000
Kia Rio;2020;https://moscow.drom.ru/kia/rio/50902529.html;1750000;бензин;123;74526
Audi A8;2013;https://moscow.drom.ru/audi/a8/50902396.html;1755000;бензин;290;221659
Volkswagen Passat;2016;https://moscow.drom.ru/volkswagen/passat/50517554.html;1757000;бензин;180;121004
Mercedes-Benz CLA-Class;2017;https://moscow.drom.ru/mercedes-benz/cla-class/50903653.html;1757000;бензин;150;111861
Hyundai Solaris;2021;https://moscow.drom.ru/hyundai/solaris/50917607.html;1778000;бензин;123;39583
BMW 3-Series;2017;https://moscow.drom.ru/bmw/3-series/50912937.html;1790000;бензин;136;112000
Kia Cerato;2018;https://moscow.drom.ru/kia/cerato/50920431.html;1795000;бензин;150;49377
Mazda Mazda6;2013;https://moscow.drom.ru/mazda/mazda6/50922380.html;1797111;бензин;192;103429
BMW 3-Series;2015;https://moscow.drom.ru/bmw/3-series/50913253.html;1798000;бензин;184;74646
Kia Quoris;2014;https://moscow.drom.ru/kia/quoris/50198367.html;1799000;бензин;290;52000
Toyota Camry;2016;https://moscow.drom.ru/toyota/camry/50899929.html;1799000;бензин;181;144447
Ford Mustang;2005;https://moscow.drom.ru/ford/mustang/46848772.html;1800000;бензин;210;130000
Audi A6;2016;https://himki.drom.ru/audi/a6/50518410.html;1800000;бензин;249;176212
Honda Civic;2018;https://moscow.drom.ru/honda/civic/46895356.html;1800000;бензин;174;14770,безпробегапоРФ
Kia Optima;2019;https://moscow.drom.ru/kia/optima/50911645.html;1820000;бензин;188;147449
Mazda Mazda6;2017;https://moscow.drom.ru/mazda/mazda6/50134825.html;1829000;бензин;150;55264
Toyota Camry;2015;https://moscow.drom.ru/toyota/camry/48862629.html;1830000;бензин;181;167250
Kia Optima;2018;https://moscow.drom.ru/kia/optima/50669439.html;1830000;бензин;150;150000
Hyundai Sonata;2019;https://moscow.drom.ru/hyundai/sonata/50529917.html;1830000;бензин;150;63900
Kia Rio;2021;https://moscow.drom.ru/kia/rio/50913695.html;1832000;бензин;123;26296
Mercedes-Benz CLA-Class;2016;https://himki.drom.ru/mercedes-benz/cla-class/50914654.html;1849000;бензин;150;130180
Mercedes-Benz SL-Class;2002;https://moscow.drom.ru/mercedes-benz/sl-class/45464683.html;1850000;бензин;500;119000
Lexus ES250;2012;https://moscow.drom.ru/lexus/es250/50912764.html;1850000;бензин;184;199765
BMW 2-Series;2014;https://moscow.drom.ru/bmw/2-series/50097807.html;1850000;бензин;184;98000
Kia K5;2020;https://moscow.drom.ru/kia/k5/50528988.html;1850000;бензин;194;84000
Kia Optima;2019;https://moscow.drom.ru/kia/optima/49784342.html;1853000;бензин;188;93522
Kia Cerato;2018;https://moscow.drom.ru/kia/cerato/50902261.html;1857000;бензин;150;26131
Mazda Mazda6;2015;https://moscow.drom.ru/mazda/mazda6/50913747.html;1870000;бензин;150;98064
Kia Rio;2021;https://moscow.drom.ru/kia/rio/50921781.html;1870000;бензин;123;13000
Audi A4;2014;https://moscow.drom.ru/audi/a4/50899873.html;1890000;бензин;225;107350
Mercedes-Benz C-Class;2016;https://moscow.drom.ru/mercedes-benz/c-class/49804531.html;1890000;бензин;150;128000
Kia Cerato;2020;https://moscow.drom.ru/kia/cerato/50910781.html;1890000;бензин;128;64046
Mercedes-Benz E-Class;2014;https://moscow.drom.ru/mercedes-benz/e-class/50902623.html;1895000;бензин;184;97000
Toyota Camry;2017;https://moscow.drom.ru/toyota/camry/49709971.html;1895000;бензин;249;127000
Mercedes-Benz C-Class;2019;https://moscow.drom.ru/mercedes-benz/c-class/50143797.html;1895000;бензин;150;119282
Audi A3;2016;https://moscow.drom.ru/audi/a3/50908535.html;1899000;бензин;150;115370
Kia K3;2019;https://moscow.drom.ru/kia/k3/50913330.html;1899000;бензин;123;71450
BMW 3-Series;2014;https://moscow.drom.ru/bmw/3-series/50911738.html;1900000;бензин;136;55000
Audi A4;2017;https://moscow.drom.ru/audi/a4/50917000.html;1900000;бензин;249;147000
Kia Optima;2017;https://moscow.drom.ru/kia/optima/50920646.html;1900000;бензин;188;118727
Kia K5;2018;https://moscow.drom.ru/kia/k5/50910803.html;1900000;бензин;168;77123
Audi A3;2018;https://himki.drom.ru/audi/a3/50903686.html;1910000;бензин;150;85658
Jaguar XE;2016;https://moscow.drom.ru/jaguar/xe/50922772.html;1918000;бензин;340;94024
Genesis G70;2019;https://moscow.drom.ru/genesis/g70/50131411.html;1930000;бензин;197;68493
Mercedes-Benz E-Class;2013;https://moscow.drom.ru/mercedes-benz/e-class/49186661.html;1950000;бензин;250;153500
Mercedes-Benz CLA-Class;2015;https://moscow.drom.ru/mercedes-benz/cla-class/48864934.html;1950000;бензин;211;105000
Hyundai Solaris;2021;https://moscow.drom.ru/hyundai/solaris/50916834.html;1950000;бензин;123;36000
BMW 5-Series;2013;https://moscow.drom.ru/bmw/5-series/49794102.html;1957777;дизель;218;138000
BMW 5-Series;2013;https://moscow.drom.ru/bmw/5-series/50917455.html;1980000;бензин;245;187000
Volkswagen Passat;2016;https://moscow.drom.ru/volkswagen/passat/50907346.html;1980000;бензин;150;64280
Genesis G70;2019;https://moscow.drom.ru/genesis/g70/50131412.html;1980000;бензин;197;76499
Toyota Camry;2017;https://odintsovo.drom.ru/toyota/camry/49951518.html;1985000;бензин;181;119500
Hyundai Sonata;2018;https://moscow.drom.ru/hyundai/sonata/50913509.html;1985000;бензин;188;133052
Hyundai Elantra;2021;https://moscow.drom.ru/hyundai/elantra/50530884.html;1997000;бензин;128;20206
Toyota Camry;2018;https://moscow.drom.ru/toyota/camry/50737558.html;1999000;бензин;181;97449
Genesis G70;2019;https://moscow.drom.ru/genesis/g70/50517332.html;1999000;бензин;197;74034
Mazda Mazda6;2019;https://moscow.drom.ru/mazda/mazda6/50902354.html;1999000;бензин;150;71931
Jaguar XF;2012;https://moscow.drom.ru/jaguar/xf/50896554.html;2000000;бензин;240;72000
Toyota Camry;2016;https://moscow.drom.ru/toyota/camry/50902551.html;2007000;бензин;181;137966
Genesis G70;2019;https://moscow.drom.ru/genesis/g70/49794431.html;2045000;бензин;197;96019
Audi A4;2018;https://moscow.drom.ru/audi/a4/50910033.html;2050000;дизель;150;210000,безпробегапоРФ
Kia Optima;2018;https://moscow.drom.ru/kia/optima/50529927.html;2065000;бензин;150;63000
Hyundai Sonata;2019;https://moscow.drom.ru/hyundai/sonata/50923190.html;2065680;бензин;150;47640
Infiniti Q70;2014;https://moscow.drom.ru/infiniti/q70/50922705.html;2068000;бензин;333;173723
Genesis G70;2019;https://moscow.drom.ru/genesis/g70/50923923.html;2070000;бензин;197;83549
Genesis G70;2019;https://moscow.drom.ru/genesis/g70/50923920.html;2070000;бензин;197;61164
Genesis G70;2019;https://moscow.drom.ru/genesis/g70/50923921.html;2070000;бензин;197;82492
Genesis G70;2019;https://moscow.drom.ru/genesis/g70/49837176.html;2099000;бензин;197;76808
Mercedes-Benz C-Class;2015;https://moscow.drom.ru/mercedes-benz/c-class/50541917.html;2100000;бензин;184;176000
Lexus ES200;2016;https://moscow.drom.ru/lexus/es200/50829909.html;2100000;бензин;150;215000
Hyundai Sonata;2018;https://mytishchi.drom.ru/hyundai/sonata/50915379.html;2100000;бензин;188;98000
Toyota GT 86;2018;https://moscow.drom.ru/toyota/gt_86/42791091.html;2100000;бензин;200;24000
Audi A3;2019;https://moscow.drom.ru/audi/a3/49468466.html;2100000;бензин;150;126000
Kia Forte;2022;https://moscow.drom.ru/kia/forte/50530364.html;2100000;бензин;201;8900
Jaguar XF;2016;https://moscow.drom.ru/jaguar/xf/50123387.html;2102000;дизель;180;49483
Kia Optima;2018;https://moscow.drom.ru/kia/optima/50919633.html;2110000;бензин;188;53217
Kia K5;2020;https://moscow.drom.ru/kia/k5/50527589.html;2119000;бензин;150;52700
Kia Cerato;2021;https://moscow.drom.ru/kia/cerato/50130800.html;2120000;бензин;150;42324
BMW 5-Series;2016;https://moscow.drom.ru/bmw/5-series/50902734.html;2124000;дизель;190;93400
Genesis G70;2019;https://moscow.drom.ru/genesis/g70/50923839.html;2145000;бензин;197;79979
Genesis G70;2019;https://moscow.drom.ru/genesis/g70/50923836.html;2145000;бензин;197;41327
Audi A6;2015;https://moscow.drom.ru/audi/a6/50903122.html;2149000;бензин;220;94000
Hyundai Sonata;2019;https://moscow.drom.ru/hyundai/sonata/50900385.html;2149000;бензин;150;52000
Lexus ES350;2013;https://moscow.drom.ru/lexus/es350/50907897.html;2150000;бензин;277;174000
BMW 3-Series;2016;https://moscow.drom.ru/bmw/3-series/50923075.html;2150000;бензин;184;125000
Kia Optima;2019;https://moscow.drom.ru/kia/optima/50517339.html;2155000;бензин;150;21051
Mazda Mazda6;2018;https://moscow.drom.ru/mazda/mazda6/50903261.html;2174000;бензин;150;57583
Mazda Mazda6;2019;https://moscow.drom.ru/mazda/mazda6/50124507.html;2189000;бензин;150;80376
Genesis G70;2019;https://moscow.drom.ru/genesis/g70/49837175.html;2195000;бензин;197;81001
Mercedes-Benz C-Class;2019;https://moscow.drom.ru/mercedes-benz/c-class/50143793.html;2195000;бензин;150;74428
Subaru Legacy;2019;https://moscow.drom.ru/subaru/legacy/50901139.html;2199000;бензин;175;109000
Toyota Camry;2018;https://moscow.drom.ru/toyota/camry/50918123.html;2200000;бензин;181;183819
Toyota Camry;2018;https://mytishchi.drom.ru/toyota/camry/50897979.html;2200000;бензин;181;140000
BMW 5-Series;2016;https://moscow.drom.ru/bmw/5-series/50529923.html;2220000;бензин;245;94500
Toyota Camry;2016;https://moscow.drom.ru/toyota/camry/50900735.html;2230000;бензин;249;110000
BMW 6-Series;2012;https://moscow.drom.ru/bmw/6-series/50887967.html;2250000;дизель;313;199000
Lexus ES250;2015;https://moscow.drom.ru/lexus/es250/50902550.html;2258000;бензин;184;197170
Jaguar XF;2016;https://moscow.drom.ru/jaguar/xf/50902590.html;2270000;бензин;240;125595
Toyota Camry;2019;https://moscow.drom.ru/toyota/camry/50702083.html;2280000;бензин;203;85000
Genesis G70;2019;https://moscow.drom.ru/genesis/g70/50517333.html;2295000;бензин;197;77286
Hyundai Sonata;2019;https://moscow.drom.ru/hyundai/sonata/50525733.html;2299000;бензин;180;39130
BMW 5-Series;2016;https://domodedovo.drom.ru/bmw/5-series/50915894.html;2300000;бензин;245;75000
BMW 3-Series;2018;https://moscow.drom.ru/bmw/3-series/49801382.html;2300000;дизель;190;78938
Kia K5;2020;https://moscow.drom.ru/kia/k5/50141615.html;2339000;бензин;194;69955
Jaguar XF;2017;https://moscow.drom.ru/jaguar/xf/46518980.html;2345000;бензин;199;67683
Toyota Camry;2019;https://moscow.drom.ru/toyota/camry/50740642.html;2349000;бензин;181;75795
BMW 5-Series;2016;https://moscow.drom.ru/bmw/5-series/50921431.html;2350000;дизель;190;93000
Mercedes-Benz C-Class;2018;https://mytishchi.drom.ru/mercedes-benz/c-class/50919585.html;2350000;бензин;150;49000
Mazda Mazda6;2019;https://himki.drom.ru/mazda/mazda6/50532373.html;2350000;бензин;150;14631
Genesis G70;2019;https://moscow.drom.ru/genesis/g70/50530503.html;2370000;бензин;197;68199
Genesis G70;2019;https://moscow.drom.ru/genesis/g70/50530510.html;2370000;бензин;197;58927
Genesis G70;2019;https://moscow.drom.ru/genesis/g70/50131331.html;2370000;бензин;197;94844
Audi A4;2018;https://moscow.drom.ru/audi/a4/50914064.html;2387000;бензин;150;77207
Kia Optima;2019;https://moscow.drom.ru/kia/optima/50910298.html;2398000;бензин;188;42000
Mercedes-Benz CLS-Class;2015;https://moscow.drom.ru/mercedes-benz/cls-class/50901293.html;2399000;дизель;204;105000
BMW 5-Series;2017;https://moscow.drom.ru/bmw/5-series/50902150.html;2399000;бензин;184;110124
Hyundai Sonata;2020;https://moscow.drom.ru/hyundai/sonata/50900726.html;2399000;бензин;150;97000
Mercedes-Benz E-Class;2017;https://moscow.drom.ru/mercedes-benz/e-class/50914093.html;2400000;бензин;184;172522
Toyota GT 86;2018;https://lobnya.drom.ru/toyota/gt_86/49780541.html;2400000;бензин;200;59000,безпробегапоРФ
Kia K5;2021;https://moscow.drom.ru/kia/k5/50517590.html;2407000;бензин;150;34826
Honda Accord;2021;https://moscow.drom.ru/honda/accord/49227517.html;2420000;бензин;192;13700,безпробегапоРФ
Kia K5;2020;https://moscow.drom.ru/kia/k5/50543064.html;2433000;бензин;150;121971
BMW 5-Series;2018;https://moscow.drom.ru/bmw/5-series/50900455.html;2435000;дизель;190;220085
Mercedes-Benz E-Class;2018;https://moscow.drom.ru/mercedes-benz/e-class/50135483.html;2440000;дизель;194;168917
BMW 2-Series;2019;https://moscow.drom.ru/bmw/2-series/48296216.html;2450000;бензин;252;42000,безпробегапоРФ
Kia K5;2021;https://moscow.drom.ru/kia/k5/50898005.html;2450000;бензин;194;197000
Mercedes-Benz CLS-Class;2014;https://moscow.drom.ru/mercedes-benz/cls-class/50896291.html;2455000;бензин;333;140342
Kia K5;2020;https://moscow.drom.ru/kia/k5/50540990.html;2458000;бензин;194;58700
Hyundai Sonata;2020;https://moscow.drom.ru/hyundai/sonata/50914602.html;2496000;бензин;180;75586
Mercedes-Benz E-Class;2018;https://moscow.drom.ru/mercedes-benz/e-class/50922752.html;2498000;бензин;184;247407
Jaguar XJ;2015;https://moscow.drom.ru/jaguar/xj/49208713.html;2499000;дизель;275;70368
Audi A6;2018;https://moscow.drom.ru/audi/a6/50901873.html;2499000;дизель;190;142458
Chevrolet Camaro;2009;https://moscow.drom.ru/chevrolet/camaro/50902596.html;2500000;бензин;405;60000
Audi A8;2014;https://moscow.drom.ru/audi/a8/48893501.html;2500000;бензин;310;180000
Toyota Camry;2021;https://moscow.drom.ru/toyota/camry/50532288.html;2542000;бензин;150;15189
BMW 3-Series;2012;https://moscow.drom.ru/bmw/3-series/50517763.html;2550000;бензин;306;64000
Mercedes-Benz E-Class;2019;https://moscow.drom.ru/mercedes-benz/e-class/50126867.html;2550000;дизель;150;180633
Toyota Camry;2019;https://pavlovskaya-sloboda.drom.ru/toyota/camry/48884860.html;2550000;бензин;176;140000
Hyundai Sonata;2021;https://moscow.drom.ru/hyundai/sonata/50364148.html;2550000;бензин;150;32626
Kia K5;2022;https://moscow.drom.ru/kia/k5/50909956.html;2550000;бензин;180;21000
Toyota Camry;2019;https://moscow.drom.ru/toyota/camry/50912725.html;2569000;бензин;203;86000
Kia K5;2020;https://moscow.drom.ru/kia/k5/50142527.html;2575000;бензин;194;56084
Ford Mustang;2019;https://moscow.drom.ru/ford/mustang/49369452.html;2585000;бензин;310;40000
Kia K5;2021;https://moscow.drom.ru/kia/k5/50530550.html;2595000;бензин;150;15309
Kia K5;2021;https://moscow.drom.ru/kia/k5/50132648.html;2595000;бензин;194;36200
Mercedes-Benz E-Class;2017;https://moscow.drom.ru/mercedes-benz/e-class/50517567.html;2598000;бензин;184;62500
Lexus IS200t;2017;https://moscow.drom.ru/lexus/is200t/50361071.html;2600000;бензин;248;77114
Audi A4;2017;https://moscow.drom.ru/audi/a4/50543009.html;2621000;дизель;190;144965
Toyota Camry;2020;https://moscow.drom.ru/toyota/camry/50517597.html;2630000;бензин;181;76281
Audi A8;2013;https://moscow.drom.ru/audi/a8/50913511.html;2650000;бензин;310;120461
Kia K5;2021;https://moscow.drom.ru/kia/k5/46447470.html;2650000;бензин;150;70000
Toyota Corolla;2023;https://moscow.drom.ru/toyota/corolla/50751195.html;2650000;бензин;121;60,безпробегапоРФ
Mercedes-Benz E-Class;2016;https://moscow.drom.ru/mercedes-benz/e-class/50135137.html;2689000;бензин;184;92580
Toyota Camry;2019;https://moscow.drom.ru/toyota/camry/50914593.html;2697000;бензин;181;39117
BMW 5-Series;2016;https://moscow.drom.ru/bmw/5-series/50913206.html;2750000;бензин;245;90772
Mercedes-Benz A-Class;2020;https://moscow.drom.ru/mercedes-benz/a-class/50909433.html;2759000;бензин;150;34527
Mercedes-Benz E-Class;2018;https://moscow.drom.ru/mercedes-benz/e-class/50899729.html;2768000;бензин;184;225211
Mercedes-Benz SLK-Class;2013;https://moscow.drom.ru/mercedes-benz/slk-class/50893560.html;2797000;бензин;204;120000
Mercedes-Benz E-Class;2018;https://moscow.drom.ru/mercedes-benz/e-class/50901317.html;2799000;дизель;194;79000
Mercedes-Benz CLA-Class;2016;https://vidnoe.drom.ru/mercedes-benz/cla-class/50913179.html;2800000;бензин;156;100000
BMW 3-Series;2019;https://himki.drom.ru/bmw/3-series/50532381.html;2800000;дизель;190;101295
Kia K5;2019;https://moscow.drom.ru/kia/k5/50834139.html;2800000;бензин;160;26000,безпробегапоРФ
Mercedes-Benz S-Class;2013;https://moscow.drom.ru/mercedes-benz/s-class/50129393.html;2850000;бензин;455;159796
Audi A4;2018;https://moscow.drom.ru/audi/a4/50902820.html;2850000;дизель;190;57800
Toyota Camry;2018;https://moscow.drom.ru/toyota/camry/50903242.html;2878000;бензин;181;117800
Mercedes-Benz C-Class;2018;https://moscow.drom.ru/mercedes-benz/c-class/50922384.html;2897000;бензин;150;61500
BMW 3-Series;2020;https://moscow.drom.ru/bmw/3-series/50919652.html;2898000;бензин;184;81671
Mercedes-Benz E-Class;2019;https://moscow.drom.ru/mercedes-benz/e-class/50134814.html;2900000;бензин;197;133000
Toyota Camry;2020;https://moscow.drom.ru/toyota/camry/49794470.html;2925000;бензин;181;52932
Toyota Camry;2020;https://moscow.drom.ru/toyota/camry/50913960.html;2936000;бензин;181;56644
Volvo S60;2019;https://moscow.drom.ru/volvo/s60/50517628.html;2950000;бензин;320;27669
BMW 3-Series;2021;https://moscow.drom.ru/bmw/3-series/50539218.html;2980000;бензин;258;20600
BMW 3-Series;2018;https://moscow.drom.ru/bmw/3-series/50916158.html;2990000;дизель;190;63000
Mercedes-Benz C-Class;2019;https://moscow.drom.ru/mercedes-benz/c-class/50538851.html;2995000;бензин;204;97000
Mazda Mazda6;2020;https://moscow.drom.ru/mazda/mazda6/50903253.html;2997000;бензин;194;58127
BMW 2-Series;2020;https://moscow.drom.ru/bmw/2-series/50912058.html;2999000;бензин;140;34000
BMW 5-Series;2020;https://moscow.drom.ru/bmw/5-series/50912864.html;2999000;бензин;249;102114
ГАЗ 14 Чайка;1985;https://moscow.drom.ru/gaz/gaz-14_chaika/50856999.html;3000000;бензин;220;39316
Volvo S90;2019;https://moscow.drom.ru/volvo/s90/49014996.html;3000000;бензин;190;68783
Kia K5;2021;https://lyubertsy.drom.ru/kia/k5/50678549.html;3000000;бензин;194;48600
Kia K5;2020;https://moscow.drom.ru/kia/k5/50889501.html;3020000;бензин;150;20320,безпробегапоРФ
Toyota Camry;2019;https://moscow.drom.ru/toyota/camry/50903043.html;3070000;бензин;249;89685
Kia K5;2020;https://moscow.drom.ru/kia/k5/50525845.html;3080000;бензин;194;37500
Audi A8;2016;https://moscow.drom.ru/audi/a8/50530504.html;3090000;бензин;435;144311
Hyundai Sonata;2023;https://moscow.drom.ru/hyundai/sonata/50899966.html;3149000;бензин;150;100
Mercedes-Benz C-Class;2018;https://moscow.drom.ru/mercedes-benz/c-class/50922015.html;3187000;бензин;184;56265
Mazda Mazda6;2020;https://moscow.drom.ru/mazda/mazda6/50893556.html;3197000;бензин;194;25992
Mercedes-Benz C-Class;2019;https://moscow.drom.ru/mercedes-benz/c-class/50920576.html;3225000;бензин;184;74700
Toyota Camry;2022;https://moscow.drom.ru/toyota/camry/50903250.html;3277000;бензин;200;20806
Mercedes-Benz E-Class;2016;https://moscow.drom.ru/mercedes-benz/e-class/50891756.html;3287000;бензин;184;66139
Toyota Camry;2022;https://moscow.drom.ru/toyota/camry/50922164.html;3360000;бензин;202;16240,безпробегапоРФ
BMW 5-Series;2020;https://moscow.drom.ru/bmw/5-series/49463263.html;3375000;бензин;184;25639
Toyota Camry;2021;https://moscow.drom.ru/toyota/camry/49742043.html;3375000;бензин;200;18689
Mazda MX-5;2021;https://moscow.drom.ru/mazda/mx-5/50923559.html;3400000;бензин;184;4900
Toyota Camry;2022;https://moscow.drom.ru/toyota/camry/50918833.html;3400000;бензин;204;1200
Toyota Camry;2022;https://moscow.drom.ru/toyota/camry/50914614.html;3400000;бензин;204;117
Toyota Camry;2020;https://moscow.drom.ru/toyota/camry/50899865.html;3449000;бензин;181;41397
BMW 6-Series;2011;https://moscow.drom.ru/bmw/6-series/49804643.html;3450000;бензин;407;69100
Porsche 911;2004;https://moscow.drom.ru/porsche/911/50906917.html;3500000;бензин;320;92000
BMW 5-Series;2018;https://moscow.drom.ru/bmw/5-series/50906325.html;3500000;дизель;190;69000
BMW 7-Series;2018;https://moscow.drom.ru/bmw/7-series/50541584.html;3512000;бензин;326;108800
Volvo S90;2020;https://moscow.drom.ru/volvo/s90/49804347.html;3515000;бензин;190;44494
Mercedes-Benz CLA-Class;2021;https://moscow.drom.ru/mercedes-benz/cla-class/50902835.html;3595000;бензин;150;44014
Mercedes-Benz CLS-Class;2015;https://moscow.drom.ru/mercedes-benz/cls-class/50909176.html;3597000;бензин;333;95000
Mazda Mazda6;2021;https://moscow.drom.ru/mazda/mazda6/50526531.html;3649000;бензин;231;46793
Mercedes-Benz E-Class;2018;https://moscow.drom.ru/mercedes-benz/e-class/50918481.html;3650000;дизель;194;101000,безпробегапоРФ
Audi A4;2021;https://moscow.drom.ru/audi/a4/50542754.html;3699000;бензин;190;20676
Audi A5;2020;https://moscow.drom.ru/audi/a5/50919201.html;3699999;бензин;249;20100
BMW 3-Series;2020;https://ilinskoe.drom.ru/bmw/3-series/50856262.html;3700000;дизель;190;72993
Toyota Camry;2022;https://moscow.drom.ru/toyota/camry/49804091.html;3700000;бензин;200;31
BMW 5-Series;2019;https://moscow.drom.ru/bmw/5-series/50893493.html;3790000;дизель;190;110000
BMW 5-Series;2019;https://moscow.drom.ru/bmw/5-series/50134465.html;3800000;бензин;184;29741
Kia K5;2022;https://moscow.drom.ru/kia/k5/50528464.html;3845000;бензин;194;2582
BMW 3-Series;2020;https://himki.drom.ru/bmw/3-series/50903688.html;3867000;дизель;190;42920
BMW 3-Series;2019;https://moscow.drom.ru/bmw/3-series/50908952.html;3896000;бензин;184;37937
Mazda Mazda6;2022;https://moscow.drom.ru/mazda/mazda6/50142256.html;3950000;бензин;194;14
Toyota Camry;2022;https://himki.drom.ru/toyota/camry/50903689.html;3950000;бензин;209;4646
Mercedes-Benz E-Class;2017;https://moscow.drom.ru/mercedes-benz/e-class/50913381.html;3977000;бензин;184;22834
Mercedes-Benz S-Class;2017;https://moscow.drom.ru/mercedes-benz/s-class/50886724.html;3990000;дизель;249;240000
BMW 5-Series;2019;https://moscow.drom.ru/bmw/5-series/50485475.html;3990000;бензин;184;47500,безпробегапоРФ
Toyota Camry;2022;https://moscow.drom.ru/toyota/camry/50542142.html;4019700;бензин;301;13
Mercedes-Benz C-Class;2017;https://moscow.drom.ru/mercedes-benz/c-class/50908986.html;4037700;бензин;367;31475
Audi A3;2021;https://moscow.drom.ru/audi/a3/49793209.html;4046465;бензин;150;12750
Audi TT;2018;https://moscow.drom.ru/audi/tt/50702551.html;4100000;бензин;245;45000
BMW 3-Series;2021;https://moscow.drom.ru/bmw/3-series/50901692.html;4100000;бензин;156;53000
Kia K5;2022;https://moscow.drom.ru/kia/k5/50897516.html;4124900;бензин;194;23
BMW 7-Series;2018;https://moscow.drom.ru/bmw/7-series/50921782.html;4199000;дизель;320;87080
Mercedes-Benz CLA-Class;2020;https://moscow.drom.ru/mercedes-benz/cla-class/49479574.html;4215000;бензин;306;27871
Kia K900;2019;https://moscow.drom.ru/kia/k900/50917672.html;4250000;бензин;249;21000
Mercedes-Benz E-Class;2019;https://moscow.drom.ru/mercedes-benz/e-class/50908990.html;4345700;бензин;197;17170
BMW 5-Series;2020;https://moscow.drom.ru/bmw/5-series/50902753.html;4500000;дизель;190;52107
Mercedes-Benz SLC-Class;2016;https://moscow.drom.ru/mercedes-benz/slc-class/48528832.html;4530000;бензин;367;9670
BMW 3-Series;2020;https://moscow.drom.ru/bmw/3-series/50528326.html;4549900;бензин;387;94000
Acura TLX;2021;https://moscow.drom.ru/acura/tlx/50530904.html;4550000;бензин;360;14227
BMW 7-Series;2016;https://moscow.drom.ru/bmw/7-series/50901499.html;4690000;дизель;320;80196
Mercedes-Benz E-Class;2021;https://moscow.drom.ru/mercedes-benz/e-class/50914090.html;4800000;бензин;197;79902
Mercedes-Benz E-Class;2021;https://moscow.drom.ru/mercedes-benz/e-class/50701900.html;4850000;дизель;194;110000
BMW 5-Series;2021;https://moscow.drom.ru/bmw/5-series/50526986.html;4875000;дизель;190;30745
Mercedes-Benz E-Class;2021;https://moscow.drom.ru/mercedes-benz/e-class/50893553.html;4877000;дизель;194;95350
BMW 7-Series;2018;https://moscow.drom.ru/bmw/7-series/50923239.html;4964000;дизель;249;69253
Audi A5;2020;https://moscow.drom.ru/audi/a5/50903863.html;4990000;бензин;190;26489
Genesis G80;2021;https://moscow.drom.ru/genesis/g80/50920984.html;5295950;дизель;199;44463
BMW 5-Series;2019;https://moscow.drom.ru/bmw/5-series/50900358.html;5299700;дизель;249;48521
Toyota Camry;2022;https://moscow.drom.ru/toyota/camry/49467391.html;5500000;бензин;301;37
Toyota Camry;2022;https://moscow.drom.ru/toyota/camry/49468874.html;5510000;бензин;301;38
Toyota Camry;2022;https://moscow.drom.ru/toyota/camry/49467385.html;5530000;бензин;301;42
BMW M2;2020;https://moscow.drom.ru/bmw/m2/50678612.html;5700000;бензин;410;18000
BMW 5-Series;2022;https://moscow.drom.ru/bmw/5-series/50923522.html;5700000;бензин;252;11500
Porsche Boxster;2016;https://moscow.drom.ru/porsche/boxster/50517347.html;5790000;бензин;350;43203
Mercedes-Benz E-Class;2019;https://moscow.drom.ru/mercedes-benz/e-class/49204624.html;5790000;дизель;340;35000
Lexus ES300h;2021;https://moscow.drom.ru/lexus/es300h/50907949.html;5850000;бензин;178;34000
BMW 7-Series;2019;https://moscow.drom.ru/bmw/7-series/49383129.html;5856000;дизель;320;69800,безпробегапоРФ
Mercedes-Benz E-Class;2018;https://moscow.drom.ru/mercedes-benz/e-class/50134926.html;6050000;бензин;435;21281
BMW 7-Series;2020;https://moscow.drom.ru/bmw/7-series/50913177.html;6100000;дизель;265;73276
Mercedes-Benz E-Class;2021;https://moscow.drom.ru/mercedes-benz/e-class/50913532.html;6200000;дизель;249;60547
Mercedes-Benz E-Class;2021;https://moscow.drom.ru/mercedes-benz/e-class/50913739.html;6290000;бензин;197;57693
Mercedes-Benz E-Class;2021;https://moscow.drom.ru/mercedes-benz/e-class/50518860.html;6350000;бензин;197;46929
Mercedes-Benz C-Class;2020;https://moscow.drom.ru/mercedes-benz/c-class/46253431.html;6400000;бензин;510;20064
Mercedes-Benz S-Class;2017;https://moscow.drom.ru/mercedes-benz/s-class/50902213.html;6500000;бензин;367;101000
BMW 7-Series;2020;https://moscow.drom.ru/bmw/7-series/50540953.html;6528000;дизель;249;55890
BMW 7-Series;2020;https://moscow.drom.ru/bmw/7-series/50921007.html;6745000;дизель;249;61004
BMW 2-Series;2022;https://moscow.drom.ru/bmw/2-series/50906515.html;6990000;бензин;387;1300
Mercedes-Benz E-Class;2021;https://moscow.drom.ru/mercedes-benz/e-class/47559397.html;7100000;дизель;194;152
Mercedes-Benz S-Class;2015;https://moscow.drom.ru/mercedes-benz/s-class/50473476.html;7290000;бензин;585;57400
BMW 7-Series;2020;https://moscow.drom.ru/bmw/7-series/49801295.html;7465000;дизель;249;19244
Mercedes-Benz C-Class;2021;https://moscow.drom.ru/mercedes-benz/c-class/50517488.html;7700000;бензин;258;1251
BMW 5-Series;2020;https://moscow.drom.ru/bmw/5-series/50900799.html;7800000;бензин;530;24145
Mercedes-Benz S-Class;2018;https://moscow.drom.ru/mercedes-benz/s-class/49892400.html;7877000;бензин;469;124000
Mercedes-Benz E-Class;2018;https://moscow.drom.ru/mercedes-benz/e-class/48541252.html;8350000;бензин;435;48000
Mercedes-Benz S-Class;2016;https://moscow.drom.ru/mercedes-benz/s-class/50823384.html;8500000;бензин;585;75000
BMW M5;2019;https://moscow.drom.ru/bmw/m5/50911288.html;8597000;бензин;625;26768
BMW 7-Series;2021;https://himki.drom.ru/bmw/7-series/49795398.html;9300000;дизель;249;21737
Mercedes-Benz W136;1952;https://moscow.drom.ru/mercedes-benz/w136/50074016.html;9500000;бензин;52;170
Mercedes-Benz S-Class;2017;https://moscow.drom.ru/mercedes-benz/s-class/50133761.html;9550000;бензин;469;39064
Mercedes-Benz S-Class;2018;https://moscow.drom.ru/mercedes-benz/s-class/48966181.html;9950000;бензин;612;49000
Mercedes-Benz S-Class;2018;https://moscow.drom.ru/mercedes-benz/s-class/50913136.html;10800700;бензин;469;24650
BMW M3;2021;https://moscow.drom.ru/bmw/m3/50903082.html;10890000;бензин;510;12989
Mercedes-Benz S-Class;2021;https://moscow.drom.ru/mercedes-benz/s-class/50519600.html;12800000;дизель;249;12000
Audi A8;2021;https://moscow.drom.ru/audi/a8/49869591.html;14165116;бензин;460;20400
Audi R8;2020;https://moscow.drom.ru/audi/r8/50909580.html;15300000;бензин;620;30000
Mercedes-Benz S-Class;2022;https://moscow.drom.ru/mercedes-benz/s-class/50093929.html;16290000;бензин;503;18000,безпробегапоРФ
Mercedes-Benz S-Class;2022;https://moscow.drom.ru/mercedes-benz/s-class/50146284.html;24500000;бензин;503;21
